Filename,Timeanddates,Temp
IMG_0001.JPG,2013-08-06 1: 00: 00 PM,40c:
IMG_0002.JPG,20 13-08-06 2 : OO : 00 PM .,40c:
IMG_0003.JPG,20 13-08-06 73 : OO : 00 PM,5°C
IMG_0004.JPG,20 13-08-06 4 : OO : 00 PM 3 ,40c:
IMG_0005.JPG,2013-0806 5: 0'0: QO PM 5-mi-,3°C
IMG_0006.JPG,20 13-08-06 6 : OO : 00 PM-:-,2°C
IMG_0007.JPG,20 13-08-06 7 : OO : 00 PM,2°C
IMG_0008.JPG,20 13-08-06 8 : OO : 00 PM,2°C
IMG_0009.JPG,20 13-08-06 9 : OO : 00 PM,2°C
IMG_0010.JPG,20 13-08-06 10 : OO : 00 PM,2°C
IMG_0011.JPG,20 13-08-07 5 : OO : 00 AM,2°C
IMG_0012.JPG,20 13-08-07 6 : OO : 00 AM,2°C
IMG_0013.JPG,20 13-08-07 7 : OO : 00 AM,2°C
IMG_0014.JPG,20 13-08-07 8 : OO : 00 AM,2°C
IMG_0015.JPG,"20 13-08-07 9 : OO : 00 AM§'""w",2°C
IMG_0016.JPG,20 13-08-07 10 : OO : 00 AM,2°C
IMG_0017.JPG,20 13-08-07 1 1 : OO : 00 AM,2°C
IMG_0018.JPG,20 13-08-07 1 : OO : 00 PM,3°C
IMG_0019.JPG,"20 13-08-07 2 : OO : 00 PM ﬂ 7""- ",3°C
IMG_0020.JPG,20 13-08-07 : OO : 00 PM 7,3°C
IMG_0021.JPG,2013-08-07 4:00:00 PM,40c:
IMG_0022.JPG,2013-0807 5 : O: : 00 PM,3°C
IMG_0023.JPG,20 13-08-07 5 : OO : 070 PM'5,1°C
IMG_0024.JPG,20 13-08-07 7 : OO : 00 PM,0°C
IMG_0025.JPG,20 13-08-07 8 : OO : 00 PM,
IMG_0026.JPG,20 13-08-07 9 : OO : 00 PM,
IMG_0027.JPG,20 13-08-07 10 : OO : 00 PM,0°C
IMG_0028.JPG,20 13-08-08 5 : OO : 00 AM,1°C
IMG_0029.JPG,20 13-08-08 6 : OO : 00 AM,1°C
IMG_0030.JPG,20 13-08-08 7 : OO : 00 AM,1°C
IMG_0031.JPG,20 13-08-08 8 : OO : 00 AM,2°C
IMG_0032.JPG,20 13-08-08 9 : OO : 00 A:Ir,2°C
IMG_0033.JPG,20 13-08-08 10 : OO : 00 AM,2°C
IMG_0034.JPG,20 13-08-08 1 1 : OO : 00 AM,2°c‘
IMG_0035.JPG,20 13-08-08 1 : OO : 00 PM,0°C
IMG_0036.JPG, 20 13-08-08 2 : OO : 00 PM2:  ,1°C
IMG_0037.JPG,201308ng3:00:00 PM25%,1°C
IMG_0038.JPG,20 13-08-08 4 : OO : 00 PM,2°C
IMG_0039.JPG,20 13-08-08 5 : OO : 00 PM,2°C
IMG_0040.JPG,20 13-08-08 : OO : 00 PM,2°C
IMG_0041.JPG,20 13-08-08 7 : OO : 00 PM,1°C
IMG_0042.JPG,20 13-08-08 8 : OO : 00 PM,1°C
IMG_0043.JPG,20 13-08-08 9 : OO : 00 PM,1°C
IMG_0044.JPG,20 13-08-08 10 : OO : 00 PM,1°C
IMG_0045.JPG,20 13-08-09 5 : OO : 00 AM,1°C
IMG_0046.JPG,20 13-08-09 6 : OO : 00 AM,1°C
IMG_0047.JPG,20 13-08-09 7 : OO : 00 AM,0°C
IMG_0048.JPG,20 13-08-09 8 : OO : 00 AM,0°C
IMG_0049.JPG,20 13-08-09 9 : OO : 00 AM,0°C
IMG_0050.JPG,20 13-08-09 10 : OO : 00 AM,1°C
IMG_0051.JPG,20 13-08-09 1 1 : OO : 00 AM,2°C
IMG_0052.JPG,20 13-08-09 1 : OO : 00 PM,40c:
IMG_0053.JPG,20 13-08-09 2 : OO : Q0 PM,40c:
IMG_0054.JPG,20 13-08-09 *3 :OO : OO,40c:
IMG_0055.JPG,2013-08-09 4: 00: 00 PM,40c:
IMG_0056.JPG,20 13-08-09 5 : OO : 00 PM,3°C
IMG_0057.JPG,20 13-08-09 6 : OO : 00 PM:Wm,3°C
IMG_0058.JPG,20 13-08-09 7 : OO : 00 PM,2°C
IMG_0059.JPG,20 13-08-09 8 : OO : 00 PM,1°C
IMG_0060.JPG,20 13-08-09 9 : OO : 00 PM,1°C
IMG_0061.JPG,20 13-08-09 10 : OO : 00 PM,3°C
IMG_0062.JPG,2013-08-10 5:00:00 AM,3°C
IMG_0063.JPG,2013-08-10 6:00:00 AM,3°C
IMG_0064.JPG,2013-08-10 7:00:00 AM,3°C
IMG_0065.JPG,2013-08-10 8:00:00 AM,3°C
IMG_0066.JPG,2013-08-10 9:00:00 AM,3°C
IMG_0067.JPG,2013-08-10 10:00:00 AM,3°C
IMG_0068.JPG,2013-08-10 1 1 :00:00 AM,3°C
IMG_0069.JPG,2013-08-10 1 :00:00 PM,3°C
IMG_0070.JPG,2013-08-10 2:00:00 PM' ,7°C
IMG_0071.JPG,2013-0810 3:00:00 PM :,5°C
IMG_0072.JPG,2013:08i9 4:00:00 PM 7 l; ='':' m?,40c:
IMG_0073.JPG,2013-08-10 5:00:00 PM,2°C
IMG_0074.JPG,2013-08-10 5: 00: 00 PMuse-a:,2°C
IMG_0075.JPG,2013-08-10 7:00:00 PM,2°C
IMG_0076.JPG,2013-08-10 8:00:00 PM,2°C
IMG_0077.JPG,2013-08-10 9:00:00 PM,2°C
IMG_0078.JPG,2013-08-10 10:00:00 PM,2°C
IMG_0079.JPG,2013-08-11 5:00:00 AM,0°C
IMG_0080.JPG,2013-08-11 6:00:00 AM,0°C
IMG_0081.JPG,2013-08-11 7:00:00 AM,
IMG_0082.JPG,2013-08-11 8:00:00 AM,
IMG_0083.JPG,2013-08-11 9:00:00 AM,
IMG_0084.JPG,2013-08-1 1 10:00:00 AM,
IMG_0085.JPG,2013-08-11 11 :00:00 AM,
IMG_0086.JPG,2013-08-11 1 :00:00 PM,
IMG_0087.JPG,2013-08-11 2:00:00 PM,
IMG_0088.JPG,2013-08-11 3:00:00 PM,
IMG_0089.JPG,2013-08-11 4:00:00 PM,
IMG_0090.JPG,2013-08-11 5:00:00 PM,
IMG_0091.JPG,2013-08-11 6:00:00 PM,
IMG_0092.JPG,2013-08-11 7:00:00 PM,
IMG_0093.JPG,2013-08-11 8:00:00 PM,
IMG_0094.JPG,2013-08-11 9:00:00 PM,
IMG_0095.JPG,2013-08-1 1 10:00:00 PM,
IMG_0096.JPG,2013-08-12 5:00:00 AM,
IMG_0097.JPG,2013-08-12 6:00:00 AM,
IMG_0098.JPG,2013-08-12 7:00:00 AM,
IMG_0099.JPG,2013-08-12 8:00:00 AM,
IMG_0100.JPG,2013-08-12 9:00:00 AM,0°C
IMG_0101.JPG,I 2013-08-12 10:00:00 AM,0°C
IMG_0102.JPG,2013-08-12: 11:00:00 AM 7V 7777-.,0°C
IMG_0103.JPG,2013-08-12 1:00:00 PMv,1°C
IMG_0104.JPG,20 13-08- 12 2 : OO : QO'EM,2°C
IMG_0105.JPG,"2013-08-12 3:00:00 PM""*SS.",5°C
IMG_0106.JPG,2013-08-12 4:00:00 PM,3°C
IMG_0107.JPG,2013-08-12 5:00:00 PM,2°C
IMG_0108.JPG,2013-0812 6:00:00 PM ,2°C
IMG_0109.JPG,2013-08-12 7:00:00 PM,1°C
IMG_0110.JPG,2013-08-12 8:00:00 PM,1°C
IMG_0111.JPG,2013-08-12 9:00:00 PM,1°C
IMG_0112.JPG,2013-08-12 10:00:00 PM,0°C
IMG_0113.JPG,2013-08-13 5:00:00 AM,
IMG_0114.JPG,2013-08-13 6:00:00 AM,
IMG_0115.JPG,2013-08-13 7:00:00 AM,
IMG_0116.JPG,2013-08-13 8:00:00 AM,
IMG_0117.JPG,2013-08-13 9:00:00 AM,
IMG_0118.JPG,2013-08-13 10:00:00 AM,
IMG_0119.JPG,2013-08-13 1 1 :00:00 AM,
IMG_0120.JPG,2013-08-13 1 :00:00 PM,
IMG_0121.JPG,2013-08-13 2:00:00 PM,
IMG_0122.JPG,2013-08-13 3:00:00 PM,
IMG_0123.JPG,2013-08-13 4:00:00 PM,
IMG_0124.JPG,2013-08-13 5:00:00 PM,0°C
IMG_0125.JPG,2013-08-13 6:00:00 PM,0°C
IMG_0126.JPG,2013-08-13 7:00:00 PM,
IMG_0127.JPG,2013-08-13 8:00:00 PM,
IMG_0128.JPG,2013-08-13 9:00:00 PM,
IMG_0129.JPG,2013-08-13 10:00:00 PM,
IMG_0130.JPG,2013-08-14 5:00:00 AM,1°C
IMG_0131.JPG,2013-08-14 6:00:00 AM,2°C
IMG_0132.JPG,2013-08-14 7:00:00 AM,2°C
IMG_0133.JPG,2013-08-14 8:00:00 AM,2°C
IMG_0134.JPG,2013-08-14 9:00:00 AM,2°C
IMG_0135.JPG,2013-08-14 10:00:00 AM,2°C
IMG_0136.JPG,2013-08-14 1 1 :00:00 AM,3°C
IMG_0137.JPG,2013-08-14 1 :00:00 PM,3°C
IMG_0138.JPG,2013-08-14 2:00:00 PM,40c:
IMG_0139.JPG,2013-08-14 3:00:00 PM,40c:
IMG_0140.JPG,2013-08-14 4:00:00 PMu,40c:
IMG_0141.JPG,2013-08-14 5:00:00 PM,3°C
IMG_0142.JPG,”2013-08-14 6:00:00 Mw A +4,2°C
IMG_0143.JPG,2013-08-14 7:00:00 PM,2°C
IMG_0144.JPG,2013-08-14 8:00:00 PM,2°C
IMG_0145.JPG,2013-08-14 9:00:00 PM,3°C
IMG_0146.JPG,2013-08-14 10:00:00 PM,2°C
IMG_0147.JPG,2013-08-15 5:00:00 AM,1°C
IMG_0148.JPG,2013-08-15 6:00:00 AM,1°C
IMG_0149.JPG,2013-08-15 7:00:00 AM,1°C
IMG_0150.JPG,2013-08-15 8:00:00 AM,1°C
IMG_0151.JPG,20 13-08- 15 9: OO :  AM,1°C
IMG_0152.JPG,2013-08-15 10:00:00 AM,2°C
IMG_0153.JPG,2013-08-15 1 1 :00:00 AM,2°C
IMG_0154.JPG,2013-08-15 1 :00:00 PM,40c:
IMG_0155.JPG,2013-08-15 2:00:00 PM,40c:
IMG_0156.JPG,2013-08-15 3:00:00 PM,40c:
IMG_0157.JPG,2013-08-15 4:00:00 PM,3°C
IMG_0158.JPG,2013-0815 53 QQ: %QQ PM ' £91,2°C
IMG_0159.JPG,2013-08-15 6 00: 00 PM,2°C
IMG_0160.JPG,2013-08-15 7:00:00 PM,2°C
IMG_0161.JPG,2013-08-15 8:00:00 PM,2°C
IMG_0162.JPG,2013-08-15 9:00:00 PM,2°C
IMG_0163.JPG,2013-08-15 10:00:00 PM,2°C
IMG_0164.JPG,2013-08-16 5:00:00 AM,0°C
IMG_0165.JPG,2013-08-16 6:00:00 AM,
IMG_0166.JPG,2013-08-16 7:00:00 AM,
IMG_0167.JPG,2013-08-16 8:00:00 AM,
IMG_0168.JPG,2013-08-16 9:00:00 AM,
IMG_0169.JPG,2013-08-16 10:00:00 AM,0°C
IMG_0170.JPG,2013-08-16 1 1 :00:00 AM,0°C
IMG_0171.JPG,2013-08-16 1 :00:00 PM,3°C
IMG_0172.JPG,20 13-08- 16 2: OO : 00 PM,3°C
IMG_0173.JPG,2013-08-16 3:00:00 PM,3°C
IMG_0174.JPG,2013-08-16 4:00:00 PM,3°C
IMG_0175.JPG,2013-08-16 5:00:00 PM,3°C
IMG_0176.JPG,2013-08-16 6:00:00 PM,40c:
IMG_0177.JPG,2013-08-16 7:00:00 PM,40c:
IMG_0178.JPG,2013-08-16 8:00:00 PM,5°C
IMG_0179.JPG,2013-08-16 9:00:00 PM,5°C
IMG_0180.JPG,2013-08-16 10:00:00 PM,5°C
IMG_0181.JPG,2013-08-17 5:00:00 AM,2°C
IMG_0182.JPG,2013-08-17 6:00:00 AM,2°C
IMG_0183.JPG,2013-08-17 7:00:00 AM,2°C
IMG_0184.JPG,2013-08-17 8:00:00 AM,2°C
IMG_0185.JPG,2013-08-17 9:00:00 AM,1°C
IMG_0186.JPG,2013-08-17 10:00:00 AM,2°C
IMG_0187.JPG,2013-08-17 1 1 :00:00 AM,2°C
IMG_0188.JPG,2013-08-17 J :00:00 PM,40c:
IMG_0189.JPG,2013-08-17;J2: 0.0 00 PM.,9°C
IMG_0190.JPG,2013-0817 3:00:00 PM9. 7/7: .,10°C
IMG_0191.JPG,2013-08-17 4:300:00 PM,40c:
IMG_0192.JPG,2013-08-17 5:00:00 PM,3°C
IMG_0193.JPG,2013-08-17 B: 09-----r .00 PMsaswwi-,3°C
IMG_0194.JPG,2013-08-17 7:00:00 PM,2°C
IMG_0195.JPG,2013-08-17 8:00:00 PM,1°C
IMG_0196.JPG,2013-08-17 9:00:00 PM,1°C
IMG_0197.JPG,2013-08-17 10:00:00 PM,1°C
IMG_0198.JPG,2013-08-18 5:00:00 AM,1°C
IMG_0199.JPG,2013-08-18 6:00:00 AM,2°C
IMG_0200.JPG,2013-08-18 7:00:00 AM,2°C
IMG_0201.JPG,2013-08-18 8:00:00 AM,2°C
IMG_0202.JPG,2013-08-18 :OOMO:O(ar,2°C
IMG_0203.JPG,2013-08-18 10:00:00 AM,3°C
IMG_0204.JPG,2013-0818 1 1 : OO : 00 AM’ :52? ”wk x».,3°C
IMG_0205.JPG,2013-08-18 1 :00:00 PM,40c:
IMG_0206.JPG,"2013-08-18 2:00:00 PF""-.-5",40c:
IMG_0207.JPG,2013-0818 3:00:00 PMmim,40c:
IMG_0208.JPG,2013-08-18 4:00:00 PM,3°C
IMG_0209.JPG,2013-08-18 5:00:00 PM,3°C
IMG_0210.JPG,2013-08-18 6:00:00 PM,40c:
IMG_0211.JPG,2013-08-18 7:00:00 PM,40c:
IMG_0212.JPG,2013-08-18 8:00:00 PM,40c:
IMG_0213.JPG,2013-08-18 9:00:00 PM,40c:
IMG_0214.JPG,2013-08-18 10:00:00 PM,40c:
IMG_0215.JPG,2013-08-19 5:00:00 AM,1°C
IMG_0216.JPG,2013-08-19 6:00:00 AM,1°C
IMG_0217.JPG,2013-08-19 7:00:00 AM,0°C
IMG_0218.JPG,2013-08-19 8:00:00 AM,0°C
IMG_0219.JPG,2013-08-19 9:00:00 AMms,0°C
IMG_0220.JPG,2013-08-19 10:00:00 AM,0°C
IMG_0221.JPG,2013-08-19 1 1 :00:00 AM,1°C
IMG_0222.JPG,2013-08-19 1 :00:00 PM,2°C
IMG_0223.JPG,2013-08-19 2:00:00 PM,40c:
IMG_0224.JPG,2013-0819 3: 00:00 PM9333 m M ,6°C
IMG_0225.JPG,2013-08-19 4:00:00 PM,3°C
IMG_0226.JPG,2013-0819 5:100: 00 PM g:,2°C
IMG_0227.JPG,2013-0819 6: 00: 00 PM  7- - E F,2°C
IMG_0228.JPG,2013-08-19 7:00:00 PM,1°C
IMG_0229.JPG,2013-08-19 8:00:00 PM,1°C
IMG_0230.JPG,2013-08-19 9:00:00 PM,0°C
IMG_0231.JPG,2013-08-19 10:00:00 PM,0°C
IMG_0232.JPG,20 13-08-20 5 : OO : 00 AM,
IMG_0233.JPG,20 13-08-20 6 : OO : 00 AM,
IMG_0234.JPG,20 13-08-20 7 : OO : 00 AM,
IMG_0235.JPG,20 13-08-20 8 : OO : 00 AM,
IMG_0236.JPG,20 13-08-20 9 : OO : 00 AM,
IMG_0237.JPG,20 13-08-20 10 : OO : 00 AM,
IMG_0238.JPG,20 13-08-20 1 1 : OO : 00 AM,
IMG_0239.JPG,20 13-08-20 1 : OO : 00 PM,
IMG_0240.JPG,20 13-08-20 2 : OO : 00 PM,
IMG_0241.JPG,20 13-08-20 3 : OO : 00 PM,0°C
IMG_0242.JPG,20 13-08-20 4 : OO : 00 PM,
IMG_0243.JPG,20 13-08-20 5 : OO : 00 PM,
IMG_0244.JPG,20 13-08-20 6 3 OO 3 00 PMi ' i,0°C
IMG_0245.JPG,20 13-08-20 7 : OO : 00 PM,
IMG_0246.JPG,20 13-08-20 8 : OO : 00 PM,
IMG_0247.JPG,20 13-08-20 9 : OO : 00 PM,
IMG_0248.JPG,20 13-08-20 10 : OO : 00 PM,
IMG_0249.JPG,20 13-08-2 1 5 : OO : 00 AM,
IMG_0250.JPG,20 13-08-2 1 B : OO : 00 AM,
IMG_0251.JPG,20 13-08-2 1 7 : OO : 00 AM,
IMG_0252.JPG,20 13-08-2 1 8 : OO : 00 AM,
IMG_0253.JPG,20 13-08-2 1 Q : OO : 00 AM,
IMG_0254.JPG,2013-08-21 10:00:00 AM,
IMG_0255.JPG,2013-08-21 1 1 :00:00 AM,
IMG_0256.JPG,2013-08-21 1:00:00 PM,
IMG_0257.JPG,20 13-08-2 1 2 : OO : 00 PM,
IMG_0258.JPG,20 13-08-2 1 3 : OO : 00 PM,
IMG_0259.JPG,20 13-08-2 1 4 : OO : 00 PM,
IMG_0260.JPG,20 13-08-2 1 5 : OO : 00 PM,
IMG_0261.JPG,20 13-08-2 1 B : OO : 00 PM,
IMG_0262.JPG,20 13-08-2 1 7 : OO : 00 PM,
IMG_0263.JPG,20 13-08-2 1 8 : OO : 00 PM,
IMG_0264.JPG,20 13-08-2 1 Q : OO : 00 PM,
IMG_0265.JPG,2013-08-21 10:00:00 PM,
IMG_0266.JPG,20 13-08-22 5 : OO : 00 AM,
IMG_0267.JPG,20 13-08-22 6 : OO : 00 AM,
IMG_0268.JPG,20 13-08-22 7 : OO : 00 AM,
IMG_0269.JPG,20 13-08-22 8 : OO : 00 AM,
IMG_0270.JPG,20 13-08-22 9 : OO : 00 AM,
IMG_0271.JPG,20 13-08-22 10 : OO : 00 AM,
IMG_0272.JPG,20 13-08-22 1 1 : OO : 00 AM,
IMG_0273.JPG,20 13-08-22 1 : OO : 00 PM,
IMG_0274.JPG,20 13-08-22 2 : OO : 00 PM,
IMG_0275.JPG,20 13-08-22 3 : OO : 00 PM,
IMG_0276.JPG,20 13-08-22 4 : OO : 00 PM,
IMG_0277.JPG,20 13-08-22 5 : OO : 00 PM,
IMG_0278.JPG,20 13-08-22 6 : OO : 00 PM,
IMG_0279.JPG,20 13-08-22 7 : OO : 00 PM,
IMG_0280.JPG,20 13-08-22 8 : OO : 00 PM,
IMG_0281.JPG,20 13-08-22 9 : OO : 00 PM,
IMG_0282.JPG,20 13-08-22 10 : OO : 00 PM,
IMG_0283.JPG,20 13-08-23 5 : OO : 00 AM,
IMG_0284.JPG,20 13-08-23 6 : OO : 00 AM,
IMG_0285.JPG,20 13-08-23 7 : OO : 00 AM,
IMG_0286.JPG,20 13-08-23 8 : OO : 00 AM,
IMG_0287.JPG,20 13-08-23 9 : OO : 00 AM,
IMG_0288.JPG,20 13-08-23 10 : OO : 00 AM,
IMG_0289.JPG,20 13-08-23 1 1 : OO : 00 AM,
IMG_0290.JPG,20 13-08-23 1 : OO : 00 PM”rm-x,1°C
IMG_0291.JPG,20 13-08-23 2 : OO : 00 PM,1°C
IMG_0292.JPG,20 13-08-23 3 : OO : 00 PM,0°C
IMG_0293.JPG,20 13-08-23 4 : OO {90 7PM,1°C
IMG_0294.JPG,20 13-08-23 5 : OO {00 PM,0°C
IMG_0295.JPG,20 13-08-23 6 : 00 3'90 PM,0°C
IMG_0296.JPG,20 13-08-23 7 : OO : 00 PM,
IMG_0297.JPG,20 13-08-23 8 : OO : 00 PM,
IMG_0298.JPG,20 13-08-23 9 : OO : 00 PM,0°C
IMG_0299.JPG,20 13-08-23 10 : OO : 00 PM,0°C
IMG_0300.JPG,> 20 13-08-24 5 : OO : 00 AM,0°C
IMG_0301.JPG,20 13-08-24 6 : OO : 00 AM,0°C
IMG_0302.JPG,20 13-08-24 7 : OO : 00 AM,
IMG_0303.JPG,20 13-08-24 8 : OO : 00 AM,
IMG_0304.JPG,20 13-08-24 9 : OO : 00 AM,
IMG_0305.JPG,20 13-08-24 10 : OO : 00 AM,0°C
IMG_0306.JPG,20 13-08-24 1 1 : OO : 00 AM,1°C
IMG_0307.JPG,20 13-08-24 1 : OO : 00 PM,6°C
IMG_0308.JPG,20 13-08-24 2 : 00 {99 PM,6°C
IMG_0309.JPG,20 13-08-24 3 : OO : 00 PM,8°C
IMG_0310.JPG,20 13-08-24 4 : OO : 00 PM,40c:
IMG_0311.JPG,2013-08-24 5: 00: 00 PMk ,2°C
IMG_0312.JPG,20 13-08-24 6 : OO : 00 PM,1°C
IMG_0313.JPG,20 13-08-24 7 : OO : 00 PM,0°C
IMG_0314.JPG,20 13-08-24 8 : OO : 00 PM,0°C
IMG_0315.JPG,20 13-08-24 9 : OO : 00 PM,
IMG_0316.JPG,20 13-08-24 10 : OO : 00 PM,0°C
IMG_0317.JPG,20 13-08-25 5 : OO : 00 AM,0°C
IMG_0318.JPG,20 13-08-25 6 : OO : 00 AM,0°C
IMG_0319.JPG,20 13-08-25 7 : OO : 00 AM,0°C
IMG_0320.JPG,20 13-08-25 8 : OO : 00 AM,1°C
IMG_0321.JPG,20 13-08-25 9 : OO : 00 AM,1°C
IMG_0322.JPG,20 13-08-25 10 : OO : 00 AM,2°C
IMG_0323.JPG,20 13-08-25 1 1 : OO : 00 AM,3°C
IMG_0324.JPG,20 13-08-25 1 : OO : 00 PM,5°C
IMG_0325.JPG,20 13-08-25 2 : OO : 00 PM,40c:
IMG_0326.JPG,20 13-08-25 3 : OO : 00 PM,40c:
IMG_0327.JPG,20 13-08-25 4 : OO : 00 PM,40c:
IMG_0328.JPG,20 13-08-25 5 : OO : 00 PM,3°C
IMG_0329.JPG,20 13-08-25 6 : OO : 00 PM,2°C
IMG_0330.JPG,20 13-08-25 7 : OO : 00 PM,1°C
IMG_0331.JPG,20 13-08-25 8 : OO : 00 PM,1°C
IMG_0332.JPG,20 13-08-25 9 : OO : 00 PM,0°C
IMG_0333.JPG,20 13-08-25 10 : OO : 00 PM,0°C
IMG_0334.JPG,20 13-08-26 5 : OO : 00 AM,1°C
IMG_0335.JPG,20 13-08-26 6 : OO : 00 AM,2°C
IMG_0336.JPG,20 13-08-26 7 : OO : 00 AM,2°C
IMG_0337.JPG,20 13-08-26 8 : OO : 00 AM,2°C
IMG_0338.JPG,20 13-08-26 9} OO : 00 AM,3°C
IMG_0339.JPG,20 13-08-26 10 : OO : 00 AM,3°C
IMG_0340.JPG,20 13-08-26 1 1 : OO : 00 AM,3°C
IMG_0341.JPG,20 13-08-26 1 : OO : 00 PM,5°C
IMG_0342.JPG,20 13-08-26 2 : OO : 00 PM,6°C
IMG_0343.JPG,20 13-08-26 3 : OO : 00 PMg.,5°C
IMG_0344.JPG,20 13-08-26 4 : OO : 00 PM,40c:
IMG_0345.JPG,20 13-08-26 5 : OO : 00 PM,40c:
IMG_0346.JPG,20 13-08-26 6 : OO : 00 PM,3°C
IMG_0347.JPG,20 13-08-26 7 : OO : 00 PM,2°C
IMG_0348.JPG,20 13-08-26 8 : OO : 00 PM,3°C
IMG_0349.JPG,20 13-08-26 9 : OO : 00 PM,3°C
IMG_0350.JPG,20 13-08-26 10 : OO : 00 PM,2°C
IMG_0351.JPG,20 13-08-27 5 : OO : 00 AM,1°C
IMG_0352.JPG,20 13-08-27 6 : OO : 00 AM,1°C
IMG_0353.JPG,20 13-08-27 7 : OO : 00 AM,2°C
IMG_0354.JPG,20 13-08-27 8 : OO : 00 AM,1°C
IMG_0355.JPG,20 13-08-27 9 : OO : 00 AM 7 - 7:3:,1°C
IMG_0356.JPG,20 13-08-27 10 : OO : 00 AM,1°C
IMG_0357.JPG,20 13-08-27 1 1 : OO : 00 AM,1°C
IMG_0358.JPG,20 13-08-27 1 : OO : 00 PM:7.,2°C
IMG_0359.JPG,20 13-08-27 2 : OO : 00 PM,2°C
IMG_0360.JPG,20 13-08-27 3 : OO : 00 PM,40c:
IMG_0361.JPG,2013-08-2714: 00: 00 PM3; ,7°C
IMG_0362.JPG,20 13-08-27 5 : OO : 00 PM,3°C
IMG_0363.JPG,20 13-08-27 6 : OO : 00 PM,2°C
IMG_0364.JPG,20 13-08-27 7 : OO : 00 PM,2°C
IMG_0365.JPG,20 13-08-27 8 : OO : 00 PM,2°C
IMG_0366.JPG,20 13-08-27 9 : OO : 00 PM,1°C
IMG_0367.JPG,20 13-08-27 10 : OO : 00 PM,1°C
IMG_0368.JPG,20 13-08-28 5 : OO : 00 AM,0°C
IMG_0369.JPG,20 13-08-28 6 : OO : 00 AM,1°C
IMG_0370.JPG,20 13-08-28 7 : OO : 00 AM,0°C
IMG_0371.JPG,20 13-08-28 8 : OO : 00 AM w,0°C
IMG_0372.JPG,20 13-08-28 9 : OO : 00 AM,
IMG_0373.JPG,20 13-08-28 10 : OO : 00 AM,
IMG_0374.JPG,20 13-08-28 1 1 : OO : 00 AM,1°C
IMG_0375.JPG,20 13-08-28 1 : OO : 00 PM,7°C
IMG_0376.JPG,7207713-08-28 2:00:00 PM; aﬂ,8°C
IMG_0377.JPG,20 13-08-28 3 : OO : 00 PM,6°C
IMG_0378.JPG,20 13-08-28 4 : OO : 00 PM ,5°C
IMG_0379.JPG,20 13-08-28 5 : OO : 00 PM 2:;-,3°C
IMG_0380.JPG,20 1 30828 6 : oo :1 09 I:\M,2°C
IMG_0381.JPG,20 13-08-28 7 : OO : 00 PM,0°C
IMG_0382.JPG,20 13-08-28 8 : OO : 00 PM,0°C
IMG_0383.JPG,20 13-08-28 9 : OO : 00 PM,0°C
IMG_0384.JPG,20 13-08-28 10 : OO : 00 PM,0°C
IMG_0385.JPG,20 13-08-29 5 : OO : 00 AM,
IMG_0386.JPG,20 13-08-29 6 : OO : 00 AM,
IMG_0387.JPG,20 13-08-29 7 : OO : 00 AM,0°C
IMG_0388.JPG,20 13-08-29 8 : OO : 00 AM,
IMG_0389.JPG,20 13-08-29 9 : OO : 00 AM,
IMG_0390.JPG,20 13-08-29 10 : OO : 00 AM,0°C
IMG_0391.JPG,20 13-08-29 1 1 : OO : 00 AM,0°C
IMG_0392.JPG,20 13-08-29 1 : OO : 00 PM,1°C
IMG_0393.JPG,20 13-08-29 2 : OO : 00 PM,2°C
IMG_0394.JPG,20 13-08-29 3 : OO : 00 PM,2°C
IMG_0395.JPG,20 13-08-29 4 : OO : 00 PM,40c:
IMG_0396.JPG,20 13-08-29 5 : OO : 00 PM,0°C
IMG_0397.JPG,20 13-08-29 6 : OO : 00 PM,0°C
IMG_0398.JPG,20 13-08-29 7 : OO : 00 PM,
IMG_0399.JPG,20 13-08-29 8 : OO : 00 PM,
IMG_0400.JPG,20 13-08-29 9 : OO : 00 PM,
IMG_0401.JPG,20 13-08-29 10 : OO : 00 PM,
IMG_0402.JPG,20 13-08-30 5 : OO : 00 AM,
IMG_0403.JPG,20 13-08-30 6 : OO : 00 AM,
IMG_0404.JPG,20 13-08-30 7 : OO : 00 AM,
IMG_0405.JPG,20 13-08-30 8 : OO : 00 AM,
IMG_0406.JPG,20 13-08-30 9 : OO : 00 AM,
IMG_0407.JPG,20 13-08-30 10 : OO : 00 AM,0°C
IMG_0408.JPG,20 13-08-30 1 1 : OO : 00 AM,2°C
IMG_0409.JPG,"2013-0830 1: 00: 00 PM. 2"";",10°C
IMG_0410.JPG,20 13-08-30 2 3 OO 3 00 PM -mm ',12°C
IMG_0411.JPG,2013-08-30 3: 00: 00 PMjUQHQL.,11°C
IMG_0412.JPG,"20 13-08-30 4 : OO : 00 PM 73» llﬁﬂ. }-  ""'",9°C
IMG_0413.JPG,2013-0830 5:00:00 PM”man; - -,40c:
IMG_0414.JPG,20 13-08-30 6 : OO : 00 PM,1°C
IMG_0415.JPG,20 13-08-30 7 : OO : 00 PM,1°C
IMG_0416.JPG,20 13-08-30 8 : OO : 00 PM,0°C
IMG_0417.JPG,20 13-08-30 9 : OO : 00 PM,1°C
IMG_0418.JPG,20 13-08-30 10 : OO : 00 PM,0°C
IMG_0419.JPG,20 13-08-3 1 5 : OO : 00 AM,0°C
IMG_0420.JPG,20 13-08-3 1 B : OO : 00 AM,0°C
IMG_0421.JPG,20 13-08-3 1 7 : OO : 00 AM,0°C
IMG_0422.JPG,2013-08-31 8:00:00 AM ,0°C
IMG_0423.JPG,20 13-08-3 1 Q : OO : 00 AM,0°C
IMG_0424.JPG,2013-08-31 10:00:00 AM,0°C
IMG_0425.JPG,2013-08-31 1 1 :00:00 AM,
IMG_0426.JPG,2013-08-31 1:00:00 PM,0°C
IMG_0427.JPG,20 13-08-3 1 2 : OO : 00 PM,2°C
IMG_0428.JPG,20 13-08-3 1 3 : OO : 00 PM,2°C
IMG_0429.JPG,20 13-08-3 1 4 : OO : 00 PM,1°C
IMG_0430.JPG,20 13-08-3 1 5 : OO : 00 PM,1°C
IMG_0431.JPG,20 13-08-3 1 B : OO : 00 PM,0°C
IMG_0432.JPG,20 13-08-3 1 7 : OO : 00 PM,0°C
IMG_0433.JPG,20 13-08-3 1 8 : OO : 00 PM,0°C
IMG_0434.JPG,20 13-08-3 1 Q : OO : 00 PM,0°C
IMG_0435.JPG,2013-08-31 10:00:00 PM,0°C
IMG_0436.JPG,20 13-09-0 1 5 : OO : 00 AM,1°C
IMG_0437.JPG,20 13-09-0 1 B : OO : 00 AM,2°C
IMG_0438.JPG,20 13-09-0 1 7 : OO : 00 AM,2°C
IMG_0439.JPG,20 13-09-0 1 8 : OO : 00 AM,2°C
IMG_0440.JPG,20 13-09-0 1 Q : OO : 00 AM,2°C
IMG_0441.JPG,2013-09-01 10:00:00 AM,3°C
IMG_0442.JPG,2013-09-01 1 1 :00:00 AM,40c:
IMG_0443.JPG,2013-09-01 1:00:00 PM,5°C
IMG_0444.JPG,20 13-09-0 1 2 : OO : 00 PM,5°C
IMG_0445.JPG,20 13-09-0 1 3 : OO : 00 PM,40c:
IMG_0446.JPG,20 13-09-0 1 4 : OO : 00 PM,3°C
IMG_0447.JPG,20 13-09-0 1 5 : OO : 00 PM,3°C
IMG_0448.JPG,20 13-09-0 1 B : OO : 00 PM,2°C
IMG_0449.JPG,20 13-09-0 1 7 : OO : 00 PM,2°C
IMG_0450.JPG,20 13-09-0 1 8 : OO : 00 PM,2°C
IMG_0451.JPG,20 13-09-0 1 Q : OO : 00 PM,3°C
IMG_0452.JPG,2013-09-01 10:00:00 PM,2°C
IMG_0453.JPG,20 13-09-02 5 : OO : 00 AM,2°C
IMG_0454.JPG,20 13-09-02 6 : OO : 00 AM,2°C
IMG_0455.JPG,20 13-09-02 7 : OO : 00 AM,1°C
IMG_0456.JPG,20 13-09-02 8 : OO : 00 AM,1°C
IMG_0457.JPG,20 13-09-02 9 : OO : 00 AM,1°C
IMG_0458.JPG,20 13-09-02 10 : OO : 00 AM,2°C
IMG_0459.JPG,20 13-09-02 1 1 : OO : 00 AM,40c:
IMG_0460.JPG,20 13-09-02 1 : OO : 00 PM,40c:
IMG_0461.JPG,20 13-09-02 2 : OO : 00 PM,40c:
IMG_0462.JPG,20 13-09-02 3 : OO : 00 PM,3°C
IMG_0463.JPG,20 13-09-02 4 : OO : 00 PM,3°C
IMG_0464.JPG,20 13-09-02 5 : OO : 00 PM,3°C
IMG_0465.JPG,20 13-09-02 6 : OO : 00 PM,2°C
IMG_0466.JPG,20 13-09-02 7 : OO : 00 PM,2°C
IMG_0467.JPG,20 13-09-02 8 : OO : 00 PM,2°C
IMG_0468.JPG,20 13-09-02 9 : OO : 00 PM,2°C
IMG_0469.JPG,20 13-09-02 10 : OO : 00 PM,2°C
IMG_0470.JPG,20 13-09-03 5 : OO : 00 AM,2°C
IMG_0471.JPG,20 13-09-03 6 : OO : 00 AM,1°C
IMG_0472.JPG,20 13-09-03 7 : OO : 00 AM,1°C
IMG_0473.JPG,20 13-09-03 8 : OO : 00 AM,1°C
IMG_0474.JPG,20 13-09-03 9 : OO : 00 AM 7mai,2°C
IMG_0475.JPG,20 13-09-03 10 : OO : 00 AM,2°C
IMG_0476.JPG,20 13-09-03 1 1 : OO : 00 AM,2°C
IMG_0477.JPG,20 13-09-03 1 : OO : 00 PM,3°C
IMG_0478.JPG,20 13-09-03 2 : OO : 00 PM,3°C
IMG_0479.JPG,20 13-09-03 3 : OO : 00 PM,3°C
IMG_0480.JPG,20 13-09-03 4 : OO : 00 PM,3°C
IMG_0481.JPG,20 13-09-03 5 : OO : 00 PM,3°C
IMG_0482.JPG,2013-09-03 6: 00: 00 PM’ 75M,3°C
IMG_0483.JPG,20 13-09-03 7 : OO : 00 PM,3°C
IMG_0484.JPG,20 13-09-03 8 : OO : 00 PM,3°C
IMG_0485.JPG,20 13-09-03 9 : OO : 00 PM,3°C
IMG_0486.JPG,20 13-09-03 10 : OO : 00 PM,3°C
IMG_0487.JPG,20 13-09-04 5 : OO : 00 AM,0°C
IMG_0488.JPG,20 13-09-04 6 : OO : 00 AM,1°C
IMG_0489.JPG,20 13-09-04 7 : OO : 00 AM,0°C
IMG_0490.JPG,"20 13-09-04 8 : OO : 00 AMI'.'"" .",1°C
IMG_0491.JPG,2013-09-04 9:100: 00 A\ \.=.,1°C
IMG_0492.JPG,2013-09-04 10: 00: 00 AM:-1 4,2°C
IMG_0493.JPG,2013-09-04 11:00:00 AM ,40c:
IMG_0494.JPG,2013-09-04 1: 0Q: QQ PM 11k,5°C
IMG_0495.JPG,20 13-09-04 2 : QO : 00 PM'1.~wrw.-,6°C
IMG_0496.JPG,20 13-09-04 3 : OO : 00 PM,40c:
IMG_0497.JPG,2013-09-04 4: OO: ()0 PM SB-E.,40c:
IMG_0498.JPG,20 13-09-04 5 : OO : 00 PMW,3°C
IMG_0499.JPG,20 13-09-04 6 : OO : 00 PM,2°C
IMG_0500.JPG,20 13-09-04 7 : OO : 00 PM,1°C
IMG_0501.JPG,20 13-09-04 8 : OO : 00 PM,1°C
IMG_0502.JPG,20 13-09-04 9 : OO : 00 PM,1°C
IMG_0503.JPG,20 13-09-04 10 : OO : 00 PM,1°C
IMG_0504.JPG,20 13-09-05 5 : OO : 00 AM,2°C
IMG_0505.JPG,20 13-09-05 6 : OO : 00 AM,2°C
IMG_0506.JPG,20 13-09-05 7 : OO : 00 AM,2°C
IMG_0507.JPG,20 13-09-05 8 : OO : 007 AM,2°C
IMG_0508.JPG,2013-09-05 9: 00: 0Q AM~'. IL.,2°C
IMG_0509.JPG,20 13-09-05 10 : OO : 00 AM,2°C
IMG_0510.JPG,20 13-09-05 1 1 : OO : 00 AM,40c:
IMG_0511.JPG,20 13-09-05 1 : OO : 00 PM,40c:
IMG_0512.JPG,20 13-09-05 2 : OO : 00 PM,40c:
IMG_0513.JPG,20 13-09-05 3 : OO : 00 PM ,5°C
IMG_0514.JPG,2013-09-05 490: 00 PM' m,6°C
IMG_0515.JPG,2013-09-05 5: OQ: QO PM .  ix,5°C
IMG_0516.JPG,2013-09-05 6: 00: Q0 PM - -. mt;,40c:
IMG_0517.JPG,20 13-09-05 7 : OO : 00 PM a.,3°C
IMG_0518.JPG,20 13-09-05 8 : OO : 00 PM,2°C
IMG_0519.JPG,20 13-09-05 9 : OO : 00 PM,2°C
IMG_0520.JPG,20 13-09-05 10 : OO : 00 PM,2°C
IMG_0521.JPG,20 13-09-06 5 : OO : 00 AM,2°C
IMG_0522.JPG,20 13-09-06 6 : OO : 00 AM,2°C
IMG_0523.JPG,20 13-09-06 7 : OO : 00 AM,2°C
IMG_0524.JPG,20 13-09-06 8 : OO : 00 AM,2°C
IMG_0525.JPG,20 13-09-06 9 : OO : 00 AM,2°C
IMG_0526.JPG,20 13-09-06 10 : OO : 00 AM,2°C
IMG_0527.JPG,20 13-09-06 1 1 : OO : 00 AM,3°C
IMG_0528.JPG,20 13-09-06 1 : OO : 00 PM,3°C
IMG_0529.JPG,20 13-09-06 2 : OO : 00 PM,40c:
IMG_0530.JPG,20 13-09-06 3 : OO : 00 PM,5°C
IMG_0531.JPG,20 13-09-06 4 : OO : 00 PM,40c:
IMG_0532.JPG,20 13-09-06 5 : OO : 00 PM,3°C
IMG_0533.JPG,20 13-09-06 6 : OO : 00 PM,3°C
IMG_0534.JPG,20 13-09-06 7 : OO : 00 PM,2°C
IMG_0535.JPG,20 13-09-06 8 : OO : 00 PM,1°C
IMG_0536.JPG,20 13-09-06 9 : OO : 00 PM,1°C
IMG_0537.JPG,20 13-09-06 10 : OO : 00 PM,0°C
IMG_0538.JPG,20 13-09-07 5 : OO : 00 AM,0°C
IMG_0539.JPG,20 13-09-07 6 : OO : 00 AM,1°C
IMG_0540.JPG,20 13-09-07 7 : OO : 00 AM,1°C
IMG_0541.JPG,20 13-09-07 8 : OO : 00 AM 3,1°C
IMG_0542.JPG,20 13-09-07 9 : OO : 00 AM,1°C
IMG_0543.JPG,2013-09-07 10:00:00 AM,2°C
IMG_0544.JPG,20 13-09-07 1 1 : OO : OO AMV,3°C
IMG_0545.JPG,2013-09-07 1: 00: 00 PMmy,40c:
IMG_0546.JPG,20 13-09-07 2 : OO : 00 PM,40c:
IMG_0547.JPG,20 13-09-07 3 : OO : 00 PM,5°C
IMG_0548.JPG,20 13-09-07 4 : OO : 00 PM,40c:
IMG_0549.JPG,2013-09-07 5: 00: 0Q PM,3°C
IMG_0550.JPG,20 13-09-07 6 : OO : 00 PM,3°C
IMG_0551.JPG,20 13-09-07 7 : OO : 00 PM,2°C
IMG_0552.JPG,20 13-09-07 8 : OO : 00 PM,3°C
IMG_0553.JPG,20 13-09-07 9 : OO : 00 PM,3°C
IMG_0554.JPG,20 13-09-07 10 : OO : 00 PM,3°C
IMG_0555.JPG,20 13-09-08 5 : OO : 00 AM,3°C
IMG_0556.JPG,20 13-09-08 6 : OO : 00 AM,3°C
IMG_0557.JPG,20 13-09-08 7 : OO : 00 AM,3°C
IMG_0558.JPG,20 13-09-08 8 : OO : 00 AM,3°C
IMG_0559.JPG,20 13-09-08 9 : OO : 00 AM,3°C
IMG_0560.JPG,20 13-09-08 10 : OO : 00 AM,40c:
IMG_0561.JPG,20 13-09-08 1 1 : OO : 00 AM,5°C
IMG_0562.JPG,20 13-09-08 1 : OO : 00 PM,11°C
IMG_0563.JPG,20 13-09-08 2 : OO : 00 PM,9°C
IMG_0564.JPG,20 13-09-08 3 : QO : 00 PM ,11°C
IMG_0565.JPG,20 13-09-08 4 : QO : 00 PM,11°C
IMG_0566.JPG,20 13-09-08 5 : OO : 00 PM,9°C
IMG_0567.JPG,20 13-09-08 6 : OO : 00 PMrm'm-=,6°C
IMG_0568.JPG,20 13-09-08 7 : OO : 00 PM,40c:
IMG_0569.JPG,20 13-09-08 8 : OO : 00 PM,40c:
IMG_0570.JPG,20 13-09-08 9 : OO : 00 PM,40c:
IMG_0571.JPG,20 13-09-08 10 : OO : 00 PM,5°C
IMG_0572.JPG,20 13-09-09 5 : OO : 00 AM,3°C
IMG_0573.JPG,20 13-09-09 6 : OO : 00 AM,2°C
IMG_0574.JPG,20 13-09-09 7 : OO : 00 AM,3°C
IMG_0575.JPG,2013-09-09 8: 00: 00 AMm 6,1°C
IMG_0576.JPG,20 13-09-09 9 : OO : 00 AM,1°C
IMG_0577.JPG,20 13-09-09 10 : OO : 00 AM,2°C
IMG_0578.JPG,20 13-09-09 1 1 : OO : 00 A,3°C
IMG_0579.JPG,20 13-09-09 1 : OO : 00 PMm,2°C
IMG_0580.JPG,20 13-09-09 2 : OO : 00 PM,2°C
IMG_0581.JPG,20 13-09-09 3 : OO : 00 PM,1°C
IMG_0582.JPG,20 13-09-09 4 : OO : 00 PM,1°C
IMG_0583.JPG,20 13-09-09 5 : OO : 00 PM,
IMG_0584.JPG,20 13-09-09 6 : OO : 00 PM' .12.;- 5? its .-,
IMG_0585.JPG,"20 13-09-09 7 : OO : 00 PM'-r"" 13-:",
IMG_0586.JPG,20 13-09-09 8 : OO : 00 PM,
IMG_0587.JPG,20 13-09-09 9 : OO : 00 PM,
IMG_0588.JPG,20 13-09-09 10 : OO : 00 PM,
IMG_0589.JPG,2013-09-10 5:00:00 AM,
IMG_0590.JPG,2013-09-10 6:00:00 AM,
IMG_0591.JPG,2013-09-10 7:00:00 AM,
IMG_0592.JPG,2013-09-10 8:00:00 AM = x...,
IMG_0593.JPG,2013-0910 9:00:00 AMVﬁ,
IMG_0594.JPG,2013-09-10 10:00:00 AMW*!’ke,
IMG_0595.JPG,2013-09-10 1 1 :00:00 AM,
IMG_0596.JPG,2013-09-10 1 :00:00 PMmg.,3°C
IMG_0597.JPG,"2013-09-10 2: 00: 00 PM 7z""sm",2°C
IMG_0598.JPG,2013-09-10 3 : OO : 00 PM a;,1°C
IMG_0599.JPG,2013-09-10 4:00:00 PM,
IMG_0600.JPG,2013-09-10 5:00:00 PM,1°C
IMG_0601.JPG,2013-09-10 6:00:00 PM,1°C
IMG_0602.JPG,2013-09-10 7:00:00 PM,0°C
IMG_0603.JPG,2013-09-10 8:00:00 PM,1°C
IMG_0604.JPG,2013-09-10 9:00:00 PM,0°C
IMG_0605.JPG,2013-09-10 10:00:00 PM,
IMG_0606.JPG,2013-09-11 5:00:00 AM,
IMG_0607.JPG,2013-09-11 6:00:00 AM,
IMG_0608.JPG,2013-09-11 7:00:00 AM,
IMG_0609.JPG,2013-09-11 8:00:00 AM,
IMG_0610.JPG,2013-09-11 9:00:00 AM-.. Sr x,
IMG_0611.JPG,2013-09-1 1 10:00:00 AM4min,0°C
IMG_0612.JPG,2013-09-1 1 1 1 :00:00 AM,2°C
IMG_0613.JPG,"2013-09-11 1: OO: 00 PM41""",6°C
IMG_0614.JPG,2013-09-11 2:00:00 PM,8°C
IMG_0615.JPG,20 13-09- 1 1 3 : 007: 00 PM...~ m€’,7°C
IMG_0616.JPG,2013-09-11 4:00:00 PM,9°C
IMG_0617.JPG,20 13-09- 1 1 5 : OO : 00 PM,3°C
IMG_0618.JPG,2013-09-11 6:00:00 PM,2°C
IMG_0619.JPG,2013-09-11 7:00:00 PME...,2°C
IMG_0620.JPG,2013-09-11 8:00:00 PM,1°C
IMG_0621.JPG,2013-09-11 9:00:00 PM,1°C
IMG_0622.JPG,2013-09-1 1 10:00:00 PM,0°C
IMG_0623.JPG,2013-09-12 5:00:00 AM,
IMG_0624.JPG,2013-09-12 6:00:00 AM,
IMG_0625.JPG,2013-09-12 7:00:00 AM,
IMG_0626.JPG,2013-09-12 8:00:00 AM,
IMG_0627.JPG,2013-09-12 9:00:00 AM,0°C
IMG_0628.JPG,2013-09-12 10:00:00 AM,1°C
IMG_0629.JPG,2013-09-12 1 1 :00:00 AM,1°C
IMG_0630.JPG,2013-09-12 1 :00:00 PM K,1°C
IMG_0631.JPG,2013-09-12 2:00:00 PM,2°C
IMG_0632.JPG,2013-09-12 3:00:00 PM ,2°C
IMG_0633.JPG,2013-09-12 4:00:00 PM,3°C
IMG_0634.JPG,2013-09-12 5:00:00 PM,2°C
IMG_0635.JPG,2013-09-12 6:00:00 PM,1°C
IMG_0636.JPG,2013-09-12 7:00:00 PM,1°C
IMG_0637.JPG,2013-09-12 8:00:00 PM,1°C
IMG_0638.JPG,2013-09-12 9:00:00 PM,2°C
IMG_0639.JPG,2013-09-12 10:00:00 PM,2°C
IMG_0640.JPG,2013-09-13 5:00:00 AM,2°C
IMG_0641.JPG,2013-09-13 6:00:00 AM,1°C
IMG_0642.JPG,2013-09-13 7:00:00 AM,1°C
IMG_0643.JPG,2013-09-13 8:00:00 AM,1°C
IMG_0644.JPG,2013-09-13 9:00:00 AM,1°C
IMG_0645.JPG,2013-09-13 10:00:00 AM,2°C
IMG_0646.JPG,2013-09-13 1 1 :00:00 AM,2°C
IMG_0647.JPG,2013-09-13 1 :00:00 PM,2°C
IMG_0648.JPG,2013-09-13 2:00:00 PM,2°C
IMG_0649.JPG,2013-09-13 3:00:00 PM,2°C
IMG_0650.JPG,2013-09-13 4:00:00 PM,2°C
IMG_0651.JPG,2013-09-13 5:00:00 PM 7,2°C
IMG_0652.JPG,2013-09-13 6:00:00 PM,2°C
IMG_0653.JPG,2013-09-13 7:00:00 PM,1°C
IMG_0654.JPG,2013-09-13 8:00:00 PM,1°C
IMG_0655.JPG,2013-09-13 9:00:00 PM,1°C
IMG_0656.JPG,2013-09-13 10:00:00 PM,1°C
IMG_0657.JPG,2013-09-14 5:00:00 AM,2°C
IMG_0658.JPG,2013-09-14 6:00:00 AM,2°C
IMG_0659.JPG,2013-09-14 7:00:00 AM,2°C
IMG_0660.JPG,2013-09-14 8: OO: 00 AM  ”1-,2°C
IMG_0661.JPG,2013-09-14 9: 00 Q0 AM  sis-,2°C
IMG_0662.JPG,2013-0914 10:00:00 AMm,3°C
IMG_0663.JPG,2013-0914 1 1 :00:00 AM§c§~*’,40c:
IMG_0664.JPG,2013-09-14 1 :00:00 PM,5°C
IMG_0665.JPG,2013-09-14 2:00:00 PM,40c:
IMG_0666.JPG,2013-09-14 3:00:00 PM,40c:
IMG_0667.JPG,2013-09-14 4:00:00 PM,3°C
IMG_0668.JPG,2013-09-14 5:00:00 PM,40c:
IMG_0669.JPG,2013-09-14 6:00:00 PM,3°C
IMG_0670.JPG,2013-09-14 7:00:00 PM,3°C
IMG_0671.JPG,2013-09-14 8:00:00 PM,3°C
IMG_0672.JPG,2013-09-14 9:00:00 PM,40c:
IMG_0673.JPG,2013-09-14 10:00:00 PM,3°C
IMG_0674.JPG,2013-09-15 5:00:00 AM,3°C
IMG_0675.JPG,2013-09-15 6:00:00 AM,3°C
IMG_0676.JPG,2013-09-15 7:00:00 AM,3°C
IMG_0677.JPG,2013-09-15 8:00:00 AM,3°C
IMG_0678.JPG,2013-09-15 9:00:00 AM,40c:
IMG_0679.JPG,2013-09-15 10:00:00 AM,40c:
IMG_0680.JPG,2013-09-15 1 1 :00:00 AM,40c:
IMG_0681.JPG,2013-09-15 1 :00:00 PM,5°C
IMG_0682.JPG,2013-09-15 2:00:00 PM,5°C
IMG_0683.JPG,2013-09-15 3:00:00 PM,5°C
IMG_0684.JPG,2013-09-15 4 : OQ : 00 PM,9°C
IMG_0685.JPG,2013-09-15 500:00 PM,8°C
IMG_0686.JPG,2013-09-15 6:00:00 PM,7°C
IMG_0687.JPG,2013-09-15 7:00:00 PM,40c:
IMG_0688.JPG,2013-09-15 8:00:00 PM,3°C
IMG_0689.JPG,2013-09-15 9:00:00 PM,3°C
IMG_0690.JPG,2013-09-15 10:00:00 PM,3°C
IMG_0691.JPG,2013-09-16 5:00:00 AM,3°C
IMG_0692.JPG,2013-09-16 6:00:00 AM,2°C
IMG_0693.JPG,2013-09-16 7:00:00 AMw,2°C
IMG_0694.JPG,2013-09-16 8:00:00 AM ,2°C
IMG_0695.JPG,2013-09-16 9 : OO : OO AMWg.ﬁ,3°C
IMG_0696.JPG,2013-09-16 10:00:00 AM,40c:
IMG_0697.JPG,2201309(15 11:00:00 AM,6°C
IMG_0698.JPG,2013-09-16 1:00:00 PMi  fugrr,11°C
IMG_0699.JPG,2013-09-16 2: OO 00 PMwas ,10°C
IMG_0700.JPG,2013-09-16 3:00:00 PM,6°C
IMG_0701.JPG,2013-09-16 4:00:00 PM,5°C
IMG_0702.JPG,2013-09-16 5:OO;OO PM,9°C
IMG_0703.JPG,2013-09-16 6:00:00 PM,6°C
IMG_0704.JPG,2013-09-16 7:00:00 PMV J,3°C
IMG_0705.JPG,2013-09-16 8:00:00 PM,2°C
IMG_0706.JPG,2013-09-16 9:00:00 PM,1°C
IMG_0707.JPG,2013-09-16 10:00:00 PM,2°C
IMG_0708.JPG,2013-09-17 5:00:00 AM,1°C
IMG_0709.JPG,2013-09-17 6:00:00 AM,2°C
IMG_0710.JPG,2013-09-17 7:00:0Q AM!:' 1..-,2°C
IMG_0711.JPG,2013-09-17 8:00:00 AM,2°C
IMG_0712.JPG,2013-09-17 9:00:00 AMa,2°C
IMG_0713.JPG,22713-09-17 10:00:00 (-g,3°C
IMG_0714.JPG,2013-09-17 1 1 :00:00 AM,5°C
IMG_0715.JPG,2013-09-17 1 :00:00 PM,8°C
IMG_0716.JPG,2013-09-17 2:00:00 PM,8°C
IMG_0717.JPG,2013-09-17 3:00:00 PM,11°C
IMG_0718.JPG,2013-09-17 4:00:00 PM,10°C
IMG_0719.JPG,2013-09-17 5:00:00 PM 77,10°C
IMG_0720.JPG,2013-09-17 6} OQ 00 PM,8°C
IMG_0721.JPG,2013-09-17 7:00:00 PM,2°C
IMG_0722.JPG,2013-09-17 8:00:00 PM,2°C
IMG_0723.JPG,2013-09-17 9:00:00 PM,2°C
IMG_0724.JPG,2013-09-17 10:00:00 PM,2°C
IMG_0725.JPG,2013-09-18 5:00:00 AM,2°C
IMG_0726.JPG,2013-09-18 6:00:00 AM,2°C
IMG_0727.JPG,"2013-09-18 7 : OO : 00 AM:""!'n",2°C
IMG_0728.JPG,2013-09-18 8:00:00 A,2°C
IMG_0729.JPG,2013-09-18 9:00:00 AMarkFun; 3g,3°C
IMG_0730.JPG,2013-09-18 10: 00: 00 A: :. r,40c:
IMG_0731.JPG,2013-09-18 11: 00: OO AME  ,5°C
IMG_0732.JPG,2013-09-18 1 :00:00 PM,6°C
IMG_0733.JPG,2013-09-18 2:00:00 PM:,5°C
IMG_0734.JPG,2013-09-18 3:00:00 PMW,9°C
IMG_0735.JPG,2013-09-18 4:00:00 PM m,6°C
IMG_0736.JPG,2013-09-18 5:00:00 PM,5°C
IMG_0737.JPG,2013-09-18 6:00:00 PM,8°C
IMG_0738.JPG,2013-09-18 7:00:00 PM,40c:
IMG_0739.JPG,2013-09-18 8:00:00 PM,3°C
IMG_0740.JPG,2013-09-18 9:00:00 PM,3°C
IMG_0741.JPG,2013-09-18 10:00:00 PM,2°C
IMG_0742.JPG,2013-09-19 5:00:00 AM,2°C
IMG_0743.JPG,2013-09-19 6:00:00 AM,3°C
IMG_0744.JPG,2013-09-19 7:00:00 AM,2°C
IMG_0745.JPG,2013-09-19 8:00:0Q AM,2°C
IMG_0746.JPG,2013-09-19 9:00:00 AM,1°C
IMG_0747.JPG,2013-09-19 10:00:00 AM,1°C
IMG_0748.JPG,2013-09-19 1 1 :00:00 AM,0°C
IMG_0749.JPG,2013-09-19 1 :00:00 PM,0°C
IMG_0750.JPG,2013-09-19 2:00:00 PM,0°C
IMG_0751.JPG,2013-09-19 3:00:00 PM,1°C
IMG_0752.JPG,2013-09-19 4:00:00 PM,1°C
IMG_0753.JPG,2013-09-19 5:00:00 PM,1°C
IMG_0754.JPG,2013-09-19 6:00:00 PM,1°C
IMG_0755.JPG,2013-09-19 7:00:00 PM,2°C
IMG_0756.JPG,2013-09-19 8:00:00 PM,1°C
IMG_0757.JPG,2013-09-19 9:00:00 PM,1°C
IMG_0758.JPG,2013-09-19 10:00:00 PM,1°C
IMG_0759.JPG,20 13-09-20 5 : OO : 00 AM,0°C
IMG_0760.JPG,20 13-09-20 6 : OO : 00 AM,0°C
IMG_0761.JPG,20 13-09-20 7 : OO : 00 AM-T W,0°C
IMG_0762.JPG,20 13-09-20 8 : OO : 00 AM:,0°C
IMG_0763.JPG,20 13-09-20 9 : OO : 00 AM,0°C
IMG_0764.JPG,2013-09-20 10:00:00 AM-Hl.P-,0°C
IMG_0765.JPG,20 13-09-20 1 1 : OO : 00 AM,1°C
IMG_0766.JPG,20 13-09-20 1 : OO : 00 PM,3°C
IMG_0767.JPG,20 13-09-20 2 : OO : 00 PM,3°C
IMG_0768.JPG,20 13-09-20 3 : OO : 00 PM,2°C
IMG_0769.JPG,2013-09-20 4: 00: 0Q PM - Air! 19-.,3°C
IMG_0770.JPG,20 13-09-20 5 : OO : 00 PM,2°C
IMG_0771.JPG,20 13-09-20 6 : OO : 00 PM,40c:
IMG_0772.JPG,20 13-09-20 7 3 OO 3 00 PM,1°C
IMG_0773.JPG,20 13-09-20 8 : OO : 00 PM,0°C
IMG_0774.JPG,20 13-09-20 9 : OO : 00 PM,1°C
IMG_0775.JPG,20 13-09-20 10 : OO : 00 PM,1°C
IMG_0776.JPG,20 13-09-2 1 5 : OO : 00 AM,1°C
IMG_0777.JPG,20 13-09-2 1 B : OO : 00 AM,1°C
IMG_0778.JPG,2013-09-21 7: 00: 00 AMW F,2°C
IMG_0779.JPG,20 13-09-2 1 8 : OO : 00 AM,2°C
IMG_0780.JPG,20 13-09-2 1 Q : OO : 00 AM,1°C
IMG_0781.JPG,2013-09-21 10:00:00 AMm:,1°C
IMG_0782.JPG,2013-09-21 1 1 :00:00 AM,2°C
IMG_0783.JPG,2013-09-21 1:00:00 PM,40c:
IMG_0784.JPG,2013-09-21 2 {00 : 00 PM-,40c:
IMG_0785.JPG,20 13-09-2 1 3 : OO : 00 PM,40c:
IMG_0786.JPG,20 13-09-2 1 4 : OO : 00 PM,40c:
IMG_0787.JPG,20 13-09-2 1 5 : OO : 00 PM,1°C
IMG_0788.JPG,20 13-09-2 1 B : OO : 00 PM,2°C
IMG_0789.JPG,20 13-09-2 1 7 : OO : 00 PM,2°C
IMG_0790.JPG,20 13-09-2 1 8 : OO : 00 PM,3°C
IMG_0791.JPG,20 13-09-2 1 Q : OO : 00 PM,1°C
IMG_0792.JPG,2013-09-21 10:00:00 PM,2°C
IMG_0793.JPG,20 13-09-22 5 : OO : 00 AM,1°C
IMG_0794.JPG,20 13-09-22 6 : OO : 00 AM,2°C
IMG_0795.JPG,20 13-09-22 7 : OO : 00 AM,2°C
IMG_0796.JPG,20 13-09-22 8 : OO : 00 AM,2°C
IMG_0797.JPG,20 13-09-22 9 : OO : 00 AM,3°C
IMG_0798.JPG,20 13-09-22 10 : OO : 00 AM,40c:
IMG_0799.JPG,20 13-09-22 100 : 00 AM,3°C
IMG_0800.JPG,20 13-09-22 1 : OO : 00 PMa,5°C
IMG_0801.JPG,20 13-09-22 200 : 00 PM,6°C
IMG_0802.JPG,2013-09-22 3: 0Q: 00 PM{we a'a.ﬂ- ,6°C
IMG_0803.JPG,2013-09-22 4: 00: 00 PMi§:aai§r $.,6°C
IMG_0804.JPG,2013-09-22 5: 00: 00 PM:;fﬂ< ,6°C
IMG_0805.JPG,20 13-09-22 6 OO :12'PM;,5°C
IMG_0806.JPG,"20 13-09-22 7 : OO : 00 PMw-""I",5°C
IMG_0807.JPG,20 13-09-22 8 : OO : 00 PM,5°C
IMG_0808.JPG,20 13-09-22 9 : OO : 00 PM,5°C
IMG_0809.JPG,20 13-09-22 10 : OO : 00 PM,5°C
IMG_0810.JPG,20 13-09-23 5 : OO : 00 AM,40c:
IMG_0811.JPG,20 13-09-23 6 : OO : 00 AM,3°C
IMG_0812.JPG,20 13-09-23 7 : OO : 00 AM,3°C
IMG_0813.JPG,20 13-09-23 8 : OO : 00 AM,40c:
IMG_0814.JPG,20 13-09-23 9 : OO : 00 AM,40c:
IMG_0815.JPG,20 13-09-23 10 : OO : 00 AM,40c:
IMG_0816.JPG,20 13-09-23 1 1 : OO : 00 AM,6°C
IMG_0817.JPG,20 13-09-23 1 : OO : 00 PM» i.,12°C
IMG_0818.JPG,20 13-09-23 2 : OO : 00 PM 72a,12°C
IMG_0819.JPG,2013-09-23 3: OO: 00 PM = «xx-a,9°C
IMG_0820.JPG,20130923 4:00:00 PM?,7°C
IMG_0821.JPG,"20 13-09-23 5 : OO : 00 PM"";S’Nx'",6°C
IMG_0822.JPG,20 13-09-23 6 : OO : 00 PM,5°C
IMG_0823.JPG,2013-09-23 7: 00: 00 PM {Can,9°C
IMG_0824.JPG,20 13-09-23 8 : OO : 00 PM,40c:
IMG_0825.JPG,20 13-09-23 9 : OO : 00 PM,3°C
IMG_0826.JPG,20 13-09-23 10 : OO : 00 PM,3°C
IMG_0827.JPG,20 13-09-24 5 : OO : 00 AM,40c:
IMG_0828.JPG,20 13-09-24 6 : OO : 00 AM,40c:
IMG_0829.JPG,20 13-09-24 7 : OO : 00 AMm&*,40c:
IMG_0830.JPG,20 13-09-24 8 : OO : 00 AM,40c:
IMG_0831.JPG,20 13-09-24 9 : OO : 00 AM,5°C
IMG_0832.JPG,20 13-09-2410:00:00 A,7°C
IMG_0833.JPG,20 13-09-24 1 1 : OO : 00 AM,9°C
IMG_0834.JPG,2013-09-24 7;:OO:OO PM 7,17°C
IMG_0835.JPG,20 13-09-24 2 £00 : 00 PM.,19°C
IMG_0836.JPG,20 13-09-24 3 : OO : 00 PM- ,15°C
IMG_0837.JPG,20 13-09-24 4 : OO : 00 PM- .I -m,12°C
IMG_0838.JPG,2013-09-24 5: OO: OO PM sax-.-,9°C
IMG_0839.JPG,2013-09-24 B CO: OQ PM,7°C
IMG_0840.JPG,2013-09-24 7: 00: 00 PM 2 ”aka.-,5°C
IMG_0841.JPG,20 13-09-24 8 : OO : 00 PM,5°C
IMG_0842.JPG,20 13-09-24 9 : OO : 00 PM,5°C
IMG_0843.JPG,20 13-09-24 10 : OO : 00 PM,5°C
IMG_0844.JPG,20 13-09-25 5 : OO : 00 AM,3°C
IMG_0845.JPG,20 13-09-25 6 : OO : 00 AM,2°C
IMG_0846.JPG,20 13-09-25 7 : OO : 00 AM,3°C
IMG_0847.JPG,20 13-09-25 8 : OO : 00 AMm.-,3°C
IMG_0848.JPG,20 13-09-25 9 : OO : 00 AMﬂ,40c:
IMG_0849.JPG,20 13-09-25 10 : OO : 00 AM,7°C
IMG_0850.JPG,20 13-09-25 1 1 : OO : 00 AM,10°C
IMG_0851.JPG,20 13-09-25 1 : OO : 00 PM 7i,11°C
IMG_0852.JPG,20 13-09-25 2 :00 : 00 PM,11°C
IMG_0853.JPG,20 13-09-25 3 : OO : 00 PMm,8°C
IMG_0854.JPG,20 13-09-25 4 : OO : 00 PM,40c:
IMG_0855.JPG,20 13-09-25 5 : OO : 00 PM,3°C
IMG_0856.JPG,20 13-09-25 6 : OO : 00 PM,3°C
IMG_0857.JPG,20 13-09-25 7 : OO : 00 PM,2°C
IMG_0858.JPG,20 13-09-25 8 : OO : 00 PM,2°C
IMG_0859.JPG,20 13-09-25 9 : OO : 00 PM,1°C
IMG_0860.JPG,20 13-09-25 10 : OO : 00 PM,2°C
IMG_0861.JPG,20 13-09-26 5 : OO : 00 AM,0°C
IMG_0862.JPG,20 13-09-26 6 : OO : 00 AM,0°C
IMG_0863.JPG,,0°C
IMG_0864.JPG,20 13-09-26 8 : OO : 00 AM,
IMG_0865.JPG,20 13-09-26 9 : OO : 00 AM,1°C
IMG_0866.JPG,20 13-09-26 10 : OO : 00 AM,40c:
IMG_0867.JPG,20 13-09-26 1 1 : OO : 00 AM,3°C
IMG_0868.JPG,2013-09-26 1:00:00 PM V 7,30c;
IMG_0869.JPG,20 13-09-26 2 3 OO : 00 PM - :m,6°C
IMG_0870.JPG,20 13-09-26 3 : OO : 00 PM,5°C
IMG_0871.JPG,20 13-09-26 OO : 00 PM: ,5°C
IMG_0872.JPG,2013-09-26 5: 00: 00 PM  in;,40c:
IMG_0873.JPG,20 13-09-26 6 : OO :00 PM,6°C
IMG_0874.JPG,20 13-09-26 7 : OO : 00 PM -,3°C
IMG_0875.JPG,20 13-09-26 8 : OO : 00 PM,1°C
IMG_0876.JPG,20 13-09-26 9 : OO : 00 PM,1°C
IMG_0877.JPG,20 13-09-26 10 : OO : 00 PM,2°C
IMG_0878.JPG,20 13-09-27 5 : OO : 00 AM,3°C
IMG_0879.JPG,20 13-09-27 6 : OO : 00 AM,40c:
IMG_0880.JPG,20 13-09-27 7 : OO : 00 AM,3°C
IMG_0881.JPG,20 13-09-27 8 : OO : 00 AM,40c:
IMG_0882.JPG,2013-09-27 9: 00: 00 AM,40c:
IMG_0883.JPG,2013-09-27 10: OO: MOO AM{31,40c:
IMG_0884.JPG,I 213-09-27 1 1 : OO : 00is,5°C
IMG_0885.JPG,20 13-09-27 1 : OO : 00 PM,7°C
IMG_0886.JPG,20 13-09-27 2 : OO : 00 PM,6°C
IMG_0887.JPG,20 13-09-27 3 : OO : 00 PM,6°C
IMG_0888.JPG,20 13-09-27 4 : OO : 00 PM,5°C
IMG_0889.JPG,20 13-09-27 5 : OO : 00 PM .3 m ,6°C
IMG_0890.JPG,20 13-09-27 6 : OO : 00 PM,8°C
IMG_0891.JPG,2013-09-27 7: OO: QQ PM £3:qa,7°C
IMG_0892.JPG,20 13-09-27 8 : OO : 00 PM,3°C
IMG_0893.JPG,20 13-09-27 9 : OO : 00 PM,3°C
IMG_0894.JPG,20 13-09-27 10 : OO : 00 PM,3°C
IMG_0895.JPG,20 13-09-28 5 : OO : 00 AM,3°C
IMG_0896.JPG,20 13-09-28 6 : OO : 00 AM,3°C
IMG_0897.JPG,2013-09-28 7: 00: 00 AM'E '5 .4,2°C
IMG_0898.JPG,20 13-09-28 8 : OO : OO laida,2°C
IMG_0899.JPG,20 13-09-28 9 : OO : 00 (29:4 mm»,6°C
IMG_0900.JPG,20 13-09-28 10 : OO : 00 AM,6°C
IMG_0901.JPG,20 13-09-28 1 1 : OO : 00 AM,9°C
IMG_0902.JPG,13-09-28 1 OO : 00 PM W,14°c‘
IMG_0903.JPG,2013-09-28 2;QO: 00 PM =;a,15°C
IMG_0904.JPG,20 13-09-28 3 : OO : 00 PM,14°C
IMG_0905.JPG,2013-09-28 4: 00: 00 PM Wit-'94,11°C
IMG_0906.JPG,2013-0928 5: 00: 00 PM Ws  ,10°C
IMG_0907.JPG,20 13-09-28 6 : OO : 0Q PM is k A,6°C
IMG_0908.JPG,20 13-09-28 7 : OO : 00 PM,40c:
IMG_0909.JPG,20 13-09-28 8 : OO : 00 PM,3°C
IMG_0910.JPG,20 13-09-28 9 : OO : 00 PM,2°C
IMG_0911.JPG,20 13-09-28 10 : OO : 00 PM,1°C
IMG_0912.JPG,20 13-09-29 5 : OO : 00 AM,1°C
IMG_0913.JPG,20 13-09-29 6 : OO : 00 AM,2°C
IMG_0914.JPG,2013-0929 7: 00: 00 AMUW 5;; J.,2°C
IMG_0915.JPG,20 13-09-29 8 : OO : 00 AM,3°C
IMG_0916.JPG,20 13-09-29 9 : OO : 00 AM m -,40c:
IMG_0917.JPG,20 13-09-29 10 : OO : 00 AM” -.~,6°C
IMG_0918.JPG,20 13-09-29 1 1 : OO : 00 AM=-'*,7°C
IMG_0919.JPG,20130929 1. 0000 PM H,10°C
IMG_0920.JPG,20 13-09-29 2 : QO : 00 PM%,9°C
IMG_0921.JPG,20 13-09-29 3 : OO : 00 PM ,13°C
IMG_0922.JPG,2013-09-29 4: 00: 00 PM=i:,12°C
IMG_0923.JPG,20 13-09-29 5 : OO : OO Plﬁﬁr,7°C
IMG_0924.JPG,20 13-09-29 6 : OO : 00 PM,5°C
IMG_0925.JPG,20 13-09-29 7 : OO : 00 PM,3°C
IMG_0926.JPG,20 13-09-29 8 : OO : 00 PM,3°C
IMG_0927.JPG,20 13-09-29 9 : OO : 00 PM,2°C
IMG_0928.JPG,20 13-09-29 10 : OO : 00 PM,2°C
IMG_0929.JPG,20 13-09-30 5 : OO : 00 AM,2°C
IMG_0930.JPG,20 13-09-30 6 : OO : 00 AM,2°C
IMG_0931.JPG,20 130930 7 :  ooJ AM aa,2°C
IMG_0932.JPG,20 13-09-30 8 : OO : 00 A,2°C
IMG_0933.JPG,2013-09-30 9: 00: 00 AM'F:.f mg,3°C
IMG_0934.JPG,20 13-09-30 10 :. OO : 00 AM,3°C
IMG_0935.JPG,20 13-09-30 1 1 : OO : 00 AM,40c:
IMG_0936.JPG,20 13-09-30 1 : OO : 00 PM,40c:
IMG_0937.JPG,20 13-09-30 2 : OO : 00 PM,5°C
IMG_0938.JPG,20 13-09-30 3 : OO : 00 PM(l.m 'W...,6°C
IMG_0939.JPG,20 13-09-30 4 : OO : 00 PM,40c:
IMG_0940.JPG,20 13-09-30 5 : OO : 00 PM,40c:
IMG_0941.JPG,20 13-09-30 6 : OO : 00 PM,3°C
IMG_0942.JPG,20 13-09-30 7 : OO : 00 PM,3°C
IMG_0943.JPG,20 13-09-30 8 : OO : 00 PM,3°C
IMG_0944.JPG,20 13-09-30 9 : OO : 00 PM,3°C
IMG_0945.JPG,20 13-09-30 10 : OO : 00 PM,40c:
IMG_0946.JPG,2013-10-01 5:00:00 AM,40c:
IMG_0947.JPG,2013-10-01 6:00:00 AM,40c:
IMG_0948.JPG,2013-10-01 7:00:00 AM,3°C
IMG_0949.JPG,2013-10-01 8:00:00 AM,3°C
IMG_0950.JPG,2013-10-01 9:00:00 AM,40c:
IMG_0951.JPG,2013-10-01 10:00:00 AM,40c:
IMG_0952.JPG,2013-10-01 11 :00:00 AM,40c:
IMG_0953.JPG,2013-10-01 1 :00:00 PM,5°C
IMG_0954.JPG,2013-10-01 2:00:00 PM,5°C
IMG_0955.JPG,2013-10-01 3:00:00 PM,5°C
IMG_0956.JPG,2013-10-01 4:00:00 PM,5°C
IMG_0957.JPG,2013-10-01 5:00:00 PM,5°C
IMG_0958.JPG,2013-10-01 6:00:00 PM,40c:
IMG_0959.JPG,2013-10-01 7:00:00 PM,40c:
IMG_0960.JPG,2013-10-01 8:00:00 PM,40c:
IMG_0961.JPG,2013-10-01 9:00:00 PM,40c:
IMG_0962.JPG,2013-10-01 10:00:00 PM,40c:
IMG_0963.JPG,2013-10-02 5:00:00 AM,40c:
IMG_0964.JPG,2013-10-02 6:00:00 AM,40c:
IMG_0965.JPG,2013-10-02 7:00:00 AM,5°C
IMG_0966.JPG,2013-10-02 8:00:00 AM,5°C
IMG_0967.JPG,2013-10-02 9:00:00 AM,5°C
IMG_0968.JPG,2013-10-02 10:00:00 AM,5°C
IMG_0969.JPG,2013-10-02 1 1 :00:00 AM,6°C
IMG_0970.JPG,2013-10-02 1 :00:00 PM,7°C
IMG_0971.JPG,2013-10-02 2:00:00 PM,7°C
IMG_0972.JPG,2013-10-02 3:00:00 PM,6°C
IMG_0973.JPG,2013-10-02 4:00:00 PM,6°C
IMG_0974.JPG,2013-10-02 5:00:00 PM,5°C
IMG_0975.JPG,2013-10-02 6:00:00 PM,5°C
IMG_0976.JPG,2013-10-02 7:00:00 PM,40c:
IMG_0977.JPG,2013-10-02 8:00:00 PM,40c:
IMG_0978.JPG,2013-10-02 9:00:00 PM,40c:
IMG_0979.JPG,2013-10-02 10:00:00 PM,40c:
IMG_0980.JPG,2013-10-03 5:00:00 AM,3°C
IMG_0981.JPG,2013-10-03 6:00:00 AM,3°C
IMG_0982.JPG,2013-10-03 7:00:00 AM,3°C
IMG_0983.JPG,2013-10-03 8:00:00 AM,3°C
IMG_0984.JPG,2013-10-03 9:00:00 AM,40c:
IMG_0985.JPG,2013-10-03 10:00:00 AM,40c:
IMG_0986.JPG,2013-10-03 1 1 :00:00 AM,3°C
IMG_0987.JPG,2013-10-03 1 :00:00 PM,40c:
IMG_0988.JPG,2013-10-03 2:00:00 PM,3°C
IMG_0989.JPG,2013-10-03 3: 00: 00 PM -,3°C
IMG_0990.JPG,2013-10-03 4:00:00 PMm« w,3°C
IMG_0991.JPG,2013-10-03 5 : OO 3 00 PM arms w,3°C
IMG_0992.JPG,2013-10-03 6 : OO : 00 PM,40c:
IMG_0993.JPG,2013-10-03 7:00:00 PM4 ~~...,3°C
IMG_0994.JPG,2013-10-03 8:00:00 PM ,2°C
IMG_0995.JPG,2013-10-03 9:00:00 PM,2°C
IMG_0996.JPG,2013-10-03 10:00:00 PM,1°C
IMG_0997.JPG,2013-10-04 5:00:00 AM,1°C
IMG_0998.JPG,2013-10-04 6:00:00 AM,1°C
IMG_0999.JPG,"2013-1004 7: 00: 00 AMm ""w",1°C
IMG_1000.JPG,"2013-10-04 8 : OO : 00 AM!5""-.I-L~",2°C
IMG_1001.JPG,2013-10-04 9:00:00 AM,3°C
IMG_1002.JPG,2013-170-704 10:00:00 AMV,40c:
IMG_1003.JPG,2013-10-04 11:00:00 AMHaf.,6°C
IMG_1004.JPG,20131004 1: 00: 00 PM,12°C
IMG_1005.JPG,2013-10-04 2:00:00 PM m,11°C
IMG_1006.JPG,2013-10-04 3: 00: 00. PM=. - ;  w -,9°C
IMG_1007.JPG,2013-10-04 4:00:00 PM3 -  k A,7°C
IMG_1008.JPG,2013-10-04 5: 00: 00 PMUm'UR..,6°C
IMG_1009.JPG,2013-10-04 B:OO:OOPMIv.:rm an;,5°C
IMG_1010.JPG,2013-10-04 7: OO: 00 VPM PF -,40c:
IMG_1011.JPG,2013-10-04 8:00:00 PM,40c:
IMG_1012.JPG,2013-10-04 9:00:00 PM,3°C
IMG_1013.JPG,2013-10-04 10:00:00 PM,3°C
IMG_1014.JPG,2013-10-05 5:00:00 AM,3°C
IMG_1015.JPG,2013-10-05 6:00:00 AM,3°C
IMG_1016.JPG,2013-10-05 7: 00: 00 AM =-,3°C
IMG_1017.JPG,"2013-10-05 8:00:0Q AMu:ns"" wa",40c:
IMG_1018.JPG,2013-10-05 9: OO: 00 AM'lm sh-,40c:
IMG_1019.JPG,2013-10-05 10 : OO : QO QMBIM sh-w.,5°C
IMG_1020.JPG,2013-10-05 1 1 :00:00 AMI,6°C
IMG_1021.JPG,20137710-0577 1:00:00 PM,8°C
IMG_1022.JPG,20 13- 10-05 72 £00 : 00 PM,11°C
IMG_1023.JPG,£2013-10-05 3:00:00 PM ,12°C
IMG_1024.JPG,2013-10-05 4:00:00 PM,15°C
IMG_1025.JPG,2013-10-05 5:00:00 PM3? N «!HE?+,15°C
IMG_1026.JPG,2013-10-05 6: 00: 00 PMEm  15-:,15°C
IMG_1027.JPG,2013-10-05 7:00:00 PM s*~--,8°C
IMG_1028.JPG,2013-10-05 8:00:00 PM,40c:
IMG_1029.JPG,2013-10-05 9:00:00 PM,3°C
IMG_1030.JPG,2013-10-05 10:00:00 PM,3°C
IMG_1031.JPG,2013-10-06 5:00:00 AM,5°C
IMG_1032.JPG,2013-10-06 6:00:00 AM,5°C
IMG_1033.JPG,2013-10-06 7:00:00 AM,5°C
IMG_1034.JPG,2013-10-06 8:00:00 AM,5°C
IMG_1035.JPG,2013-10-06 9:00:00 AM,5°C
IMG_1036.JPG,2013-10-06 10:00:00 AM,7°C
IMG_1037.JPG,2013-10-06 1 1 :00:00 AM,9°C
IMG_1038.JPG,2013-10-06 1 :00:00 PM,40c:
IMG_1039.JPG,,12°C
IMG_1040.JPG,2013-10-06 3:00:00 PM* W. m,15°C
IMG_1041.JPG,2013-10-06 4: 00: 00 PM15-5 mm,17°C
IMG_1042.JPG,2013-10-06 5: 00: 00 PM V'V-ﬁxa,15°C
IMG_1043.JPG,2013-10-06 6: 00: 00 PM  91?.,13°C
IMG_1044.JPG,2013-10-06 7:00:00 PM 53-7,8°C
IMG_1045.JPG,2013-10-06 8:00:00 PM u..-,6°C
IMG_1046.JPG,2013-10-06 9:00:00 PM,40c:
IMG_1047.JPG,2013-10-06 10:00:00 PM,40c:
IMG_1048.JPG,2013-10-07 5:00:00 AM,2°C
IMG_1049.JPG,2013-10-07 6:00:00 AM,2°C
IMG_1050.JPG,2013-10-07 7 : OO : 00 AM,3°C
IMG_1051.JPG,2013-10-07 8:00:00 AM,3°C
IMG_1052.JPG,2013-10-07 9:00:00 AME,40c:
IMG_1053.JPG,2013-10-07 10:00:00 9M7,7°C
IMG_1054.JPG,2013-10-07 1 1 :00:00 AM-m,9°C
IMG_1055.JPG,2013-10-07 1 :00:00 PM.=,10°C
IMG_1056.JPG,2013-10-07 2:OO:OO PM 4m,14°C
IMG_1057.JPG,"2013-10-07 3 : OO : 00 PM 7."".£-s!ﬂ",12°C
IMG_1058.JPG,2013-10-07 4:00:00 PM m,10°C
IMG_1059.JPG,"2013-10-07 5: 00 {007 PM "" Wa",9°C
IMG_1060.JPG,2013-10-07 600:00 PM 7,6°C
IMG_1061.JPG,"2013-10-07 7: OQ: 00 PM "" ""5-",5°C
IMG_1062.JPG,2013-10-07 8:00:00 PM,5°C
IMG_1063.JPG,2013-10-07 9:00:00 PM,5°C
IMG_1064.JPG,2013-10-07 10:00:00 PM,40c:
IMG_1065.JPG,2013-10-08 5:00:00 AM,6°C
IMG_1066.JPG,2013-10-08 6:00:00 AM,5°C
IMG_1067.JPG,"20 13- 10-08 7 :700 : OQ AMns-M ""ﬂaun-",7°C
IMG_1068.JPG,2013-10-08 8 : OO : 00 AM,8°C
IMG_1069.JPG,2013-1008 900:00 AMm,9°C
IMG_1070.JPG,2013-10-08 10: 00: 00 AM-r'.l-L,10°C
IMG_1071.JPG,2013-10-08 1 1 :00:00 AM,11°C
IMG_1072.JPG,2013-10-08 1 :00:00 PM,10°C
IMG_1073.JPG,2013-10-08 2:00:00 PM,7°C
IMG_1074.JPG,2013-10-08 3:00:00 PM,5°C
IMG_1075.JPG,2013-10-08 4:00:00 PM,40c:
IMG_1076.JPG,2013-10-08 5:00:00 PM,40c:
IMG_1077.JPG,"2013-10-08 6: 00: 00 PM.. Arr""- vai-",3°C
IMG_1078.JPG,2013-10-08 7:00:00 PM  -,5°C
IMG_1079.JPG,"2013-10-08 8:00:00 PM ""\-",40c:
IMG_1080.JPG,2013-10-08 9:00:00 PM,1°C
IMG_1081.JPG,2013-10-08 10:00:00 PM,1°C
IMG_1082.JPG,2013-10-09 5:00:00 AM,3°C
IMG_1083.JPG,2013-1009 6:00:00 AM,3°C
IMG_1084.JPG,2013-1009 7:00:00 VA,3°C
IMG_1085.JPG,2013-1009 8:00:00 AM2H. ,3°C
IMG_1086.JPG,2013-10-09 9:00:00 AM0m« . ,5°C
IMG_1087.JPG,2013-10-OQ 10: 00: 00 AM,7°C
IMG_1088.JPG,2013-10-09 11:00:00 AM?ﬂ:',9°C
IMG_1089.JPG,2013-10-09 1 :00:00 PM,9°C
IMG_1090.JPG,2013-10-09 2:00:00 PMVvarm*-snﬁ-,8°C
IMG_1091.JPG,"2013-10-09 3: 00: 00 PM-.'«-.~:"" 29....",8°C
IMG_1092.JPG,2013-10-09 4:00:00 PM,9°C
IMG_1093.JPG,20 13- 10-09 5 3 00 :700 PM . .J.m,12°C
IMG_1094.JPG,20 13- 10-09 5: OO : O,8°C
IMG_1095.JPG,"2013-10-09 7: OO :90 PM . ""Fa",6°C
IMG_1096.JPG,2013-10-09 8: 00: 00 PM .m 1P,5°C
IMG_1097.JPG,2013-10-09 9:00:00 PM,40c:
IMG_1098.JPG,2013-10-09 10:00:00 PM,5°C
IMG_1099.JPG,2013-10-10 5:00:00 AM,2°C
IMG_1100.JPG,2013-10-10 6:00:00 AM,2°C
IMG_1101.JPG,2013-10-10 7:00:00 AM.,2°C
IMG_1102.JPG,2013-10-10 8:00:00 AM,3°C
IMG_1103.JPG,2013-10-10 9:00:00 AM 7,2°C
IMG_1104.JPG,2013-10-170 710:OO:OO,3°C
IMG_1105.JPG,2013-10-10 11 :00:00 AM,3°C
IMG_1106.JPG,2013-10-10 1:00:00 PM 7.,6°C
IMG_1107.JPG,20131010 2100:00 PM .,8°C
IMG_1108.JPG,2013-10-10 3:00:00 PM,6°C
IMG_1109.JPG,2013-10-10 4:00:00 PM,7°C
IMG_1110.JPG,"2013-10-10 5:00:00 PM - ""kw-3:22;.",9°C
IMG_1111.JPG,2013-10-10 6: 00: 00 PMamass-a,9°C
IMG_1112.JPG,2013-10-10 7:00:00 PM a,6°C
IMG_1113.JPG,2013-10-10 8: QQ: 00 PM T,3°C
IMG_1114.JPG,2013-10-10 9:00:00 PM,1°C
IMG_1115.JPG,2013-10-10 10:00:00 PM,2°C
IMG_1116.JPG,2013-10-11 5:00:00 AM,2°C
IMG_1117.JPG,2013-10-11 6:00:00 AM ,2°C
IMG_1118.JPG,2013-10-11 7:00:00  AM,2°C
IMG_1119.JPG,2013-10-11 8:00:00 AM,3°C
IMG_1120.JPG,2013-10-11 9:00:00 AM,5°C
IMG_1121.JPG,2013-10-11 10:00:00 AM,6°C
IMG_1122.JPG,2013-10-11 11 :00:00 AM,7°C
IMG_1123.JPG,2013-10-11 1 :00:00 PM,6°C
IMG_1124.JPG,2013-10-11 2:00:00 PM,6°C
IMG_1125.JPG,2013-10-11 3:QO: QQ PM,6°C
IMG_1126.JPG,2013-10-1 1 400 :00 PM,6°C
IMG_1127.JPG,2013-10-11 5:00:00 PMrﬁ,5°C
IMG_1128.JPG,2013-10-11 6:00:00 PM,7°C
IMG_1129.JPG,2013-10-11 7:00:00 PM,7°C
IMG_1130.JPG,2013-10-11 8:00:00 PM,5°C
IMG_1131.JPG,2013-10-11 9:00:00 PM,3°C
IMG_1132.JPG,2013-10-11 10:00:00 PM,40c:
IMG_1133.JPG,2013-10-12 5:00:00 AM,2°C
IMG_1134.JPG,2013-10-12 6:00:00 AM vw,2°C
IMG_1135.JPG,2013-10-12 7:00:00 AM ,2°C
IMG_1136.JPG,2013-10-1218:00:00 AMgiantm -.,40c:
IMG_1137.JPG,2013-10-12 9:00:00 AMmg,8°C
IMG_1138.JPG,"2013-10-12 10: 00: 00 AMn-. M. ""m  6-.",7°C
IMG_1139.JPG,2013-10-12 11 :00:00 AMm-,6°C
IMG_1140.JPG,2013-10-12 1 :00:00 PM,13°C
IMG_1141.JPG,2013-10-12 23§OO:OO PM >7..,14°c‘
IMG_1142.JPG,2013-10-12 3:00:00 PM 7,15°C
IMG_1143.JPG,2013-10-12 4:00:00 PM m,13°C
IMG_1144.JPG,2013-10-12 5:00:0Q PM<.el.m Jus,10°C
IMG_1145.JPG,2013-10-12 5: Q0: 00 PM,9°C
IMG_1146.JPG,2013-10-12 7:00:00 PMv.vm- 2',8°C
IMG_1147.JPG,"2013-10-12 8:00:00 PMW""w",6°C
IMG_1148.JPG,2013-10-12 9:00:00 PM,6°C
IMG_1149.JPG,2013-10-12 10:00:00 PM,5°C
IMG_1150.JPG,2013-10-13 5:00:00 AM,6°C
IMG_1151.JPG,2013-10-13 6:00:00 AM,5°C
IMG_1152.JPG,2013-10-13 7:00:00 AM,5°C
IMG_1153.JPG,2013-10-13 8:00:00 AM,5°C
IMG_1154.JPG,2013-10-13 9:00:00 AM,8°C
IMG_1155.JPG,2013-10-13 10:00:00 AM,10°C
IMG_1156.JPG,2013-10-13 11 :00:00 AM,10°C
IMG_1157.JPG,2013-10-13 1 :00:00 PM,10°C
IMG_1158.JPG,2013-10-13 2:00:00 PM,10°C
IMG_1159.JPG,2013-10-13 3:00:00 PM,10°C
IMG_1160.JPG,2013-10-13 4:00:00 PM,8°C
IMG_1161.JPG,2013-10-13 5: OO: 00 PMVI.W w,8°C
IMG_1162.JPG,2013-10-13 6:00:00 PM,11°C
IMG_1163.JPG,2013-10-13 7:00:00 PM,13°C
IMG_1164.JPG,207713-10-13 8:00:00 Plfl,9°C
IMG_1165.JPG,2013-10-13 9:00:00 PM,6°C
IMG_1166.JPG,2013-10-13 10:00:00 PM,6°C
IMG_1167.JPG,2013-10-14 5:00:00 AM,2°C
IMG_1168.JPG,2013-10-14 6:00:00 AM,3°C
IMG_1169.JPG,2013-10-14 7:00:0Q AM,3°C
IMG_1170.JPG,2013-10-14 8:00:00 AM,40c:
IMG_1171.JPG,2013-10-14 9:00:00 AM,3°C
IMG_1172.JPG,2013-10-14 10:00:00 AM,3°C
IMG_1173.JPG,2013-10-14 1 1 :00:00 AMnivmnvﬁ: wad.-,40c:
IMG_1174.JPG,2013-10-14 1 :00:00 PM,40c:
IMG_1175.JPG,2013-10-14 2:00:00 PM,2°C
IMG_1176.JPG,2013-10-14 3:00:00 PM,2°C
IMG_1177.JPG,2013-10-14 4: 00: 0Q PM\FIM arr,1°C
IMG_1178.JPG,2013-10-14 5:00:00 PMm,3°C
IMG_1179.JPG,2013-10-14 6:00:00 PM,1°C
IMG_1180.JPG,2013-10-14 7: 00: 00 PM':;v-a I??? W,2°C
IMG_1181.JPG,2013-10-14 8:00:00 PM,2°C
IMG_1182.JPG,2013-10-14 9:00:00 PM,1°C
IMG_1183.JPG,2013-10-14 10:00:00 PM,1°C
IMG_1184.JPG,2013-10-15 5:00:00 AM,0°C
IMG_1185.JPG,2013-10-15 6:00:00 AM,0°C
IMG_1186.JPG,2013-10-15 7:00:00 AM,1°C
IMG_1187.JPG,2013-10-15 8:00:00 AM- .-'H§ ~,3°C
IMG_1188.JPG,2013-10-15 9:00:00 AM- 0 'me,soc‘
IMG_1189.JPG,2013-1015 10:00:00 AM i.m,7°C
IMG_1190.JPG,20;3710:45 11:00:00 AM,7°C
IMG_1191.JPG,2013-10-15 100:00 PM,9°C
IMG_1192.JPG,2013-10-15 2: 00: 00 PM§ .9...,9°C
IMG_1193.JPG,2013-10-15 3:QO:OO PM ,12°C
IMG_1194.JPG,2013-10-15 .0040:0 PM,5°C
IMG_1195.JPG,2013-10-15 5:00:00 PM,2°C
IMG_1196.JPG,2013-10-15 6:00:00 PM,3°C
IMG_1197.JPG,2013-10-15 7:00:00 PM,3°C
IMG_1198.JPG,2013-10-15 8:00:00 PM,3°C
IMG_1199.JPG,2013-10-15 9:00:00 PM,1°C
IMG_1200.JPG,2013-10-15 10:00:00 PM,1°C
IMG_1201.JPG,2013-10-16 5:00:00 AM,0°C
IMG_1202.JPG,2013-10-16 6:00:00 AM,0°C
IMG_1203.JPG,2013-10-16 7:00:00 AM,0°C
IMG_1204.JPG,2013-10-16 8:00:00 AM,1°C
IMG_1205.JPG,2013-10-16 9:00:00 AM,1°C
IMG_1206.JPG,2013-10-16 10:00:00 {-IM,2°C
IMG_1207.JPG,2013-10-16 11 :00:00 AMm,3°C
IMG_1208.JPG,2013-10-16 1 :00:00 PMr*ﬁ,3°C
IMG_1209.JPG,2013-10-16 2: 00: 00 PM. x,3°C
IMG_1210.JPG,2013-10-16 3:00:00 PMm,5°C
IMG_1211.JPG,2013-10-16 4000:OPM,6°C
IMG_1212.JPG,2013-10-16 SOOO:O PM,6°C
IMG_1213.JPG,2013-10-16 6:00:00 PMr,5°C
IMG_1214.JPG,2013-10-16 7:00:00 PM,5°C
IMG_1215.JPG,2013-10-16 8:00:00 PM,5°C
IMG_1216.JPG,2013-10-16 9:00:00 PM,5°C
IMG_1217.JPG,2013-10-16 10:00:00 PM,5°C
IMG_1218.JPG,2013-10-17 5:00:00 AM,3°C
IMG_1219.JPG,2013-10-17 6:00:00 AM,2°C
IMG_1220.JPG,2013-10-17 7:00:00 AM,2°C
IMG_1221.JPG,2013-10-17 8:00:00 AM,3°C
IMG_1222.JPG,2013-10-17 9:00:00 AM,3°C
IMG_1223.JPG,2013-10-17 10:00:00 AM,3°C
IMG_1224.JPG,2013-10-17 11 :00:00 AM,40c:
IMG_1225.JPG,2013-10-17 1: 00: 00 PMMi' was.,6°C
IMG_1226.JPG,"2013-10-17 2: 00: 00 PMm""",8°C
IMG_1227.JPG,"2013-10-17 3:00:00 PM V""~j§:ﬁ! w",10°C
IMG_1228.JPG,2013-10-17 4: 00: 00 PM  ,9°C
IMG_1229.JPG,2013-10-17 5: 00: 00 PM  ~i,8°C
IMG_1230.JPG,"2013-10-17 6: 00: 00 PM’*’....';r- ""vai",7°C
IMG_1231.JPG,2013-10-17 7: OO: 90 PM K,6°C
IMG_1232.JPG,"2013-10-17 8:00:00 PMm ""V",6°C
IMG_1233.JPG,2013-10-17 9:00:00 PM,6°C
IMG_1234.JPG,2013-10-17 10:00:00 PM,5°C
IMG_1235.JPG,2013-10-18 5:00:00 AM,3°C
IMG_1236.JPG,2013-10-18 6:00:00 AMm,3°C
IMG_1237.JPG,2013-10-18 7:00:00 AMm,3°C
IMG_1238.JPG,2013-10-18 8: 00: 00 AMﬁ*ﬂ~,40c:
IMG_1239.JPG,"2013-10-18 9: 00: 00 AM""=-.s-x",40c:
IMG_1240.JPG,2013-10-18 10:00:00 AM,40c:
IMG_1241.JPG,2013-10-18 11:000:0? AM2,5°C
IMG_1242.JPG,2013-10-18 1 :00:00 PM,7°C
IMG_1243.JPG,2013-10-18 2:00:00 PM,40c:
IMG_1244.JPG,2013-10-18 3:00:00 PM,6°C
IMG_1245.JPG,2013-10-18 4:00:00 PM,5°C
IMG_1246.JPG,2013-10-18 5:00:00 PM,6°C
IMG_1247.JPG,2013-10-18 6:00:00 PM,6°C
IMG_1248.JPG,2013-10-18 7:00:00 PM,40c:
IMG_1249.JPG,2013-10-18 8:00:00 PM,3°C
IMG_1250.JPG,2013-10-18 9:00:00 PM,3°C
IMG_1251.JPG,2013-10-18 10:00:00 PM,3°C
IMG_1252.JPG,2013-10-19 5:00:00 AM,2°C
IMG_1253.JPG,2013-10-19 6:00:00 AM,2°C
IMG_1254.JPG,2013-10-19 7:00:00 AM,2°C
IMG_1255.JPG,2013-10-19 8:00:00 AM,3°C
IMG_1256.JPG,2013-10-19 9:00:00 AM,40c:
IMG_1257.JPG,2013-10-19 10:00:00 AMm,6°C
IMG_1258.JPG,2013-10-19 1 1 :00:00 AM,8°C
IMG_1259.JPG,2013-10-19 1 :00:00 PM,10°C
IMG_1260.JPG,2013-10-19 2:00:00 PM,7°C
IMG_1261.JPG,2013-10-19 3:00:00 PM,0°C
IMG_1262.JPG,2013-10-19 4:00:00 PM,1°C
IMG_1263.JPG,2013-10-19 5:00:00 PM,0°C
IMG_1264.JPG,2013-10-19 6:00:00 PM,1°C
IMG_1265.JPG,2013-10-19 7:00:00 PM,0°C
IMG_1266.JPG,2013-10-19 8:00:00 PM,
IMG_1267.JPG,2013-10-19 9:00:00 PM,
IMG_1268.JPG,2013-10-19 10:00:00 PM,
IMG_1269.JPG,2013-10-20 5:00:00 AM,
IMG_1270.JPG,2013-10-20 6:00:00 AM,
IMG_1271.JPG,2013-10-20 7:00:00 AM,
IMG_1272.JPG,2013-10-20 8:00:00 AM,
IMG_1273.JPG,2013-10-20 9:00:00 AM,
IMG_1274.JPG,2013-10-20 10:00:00 AM,0°C
IMG_1275.JPG,2013-10-20 1 1 :00:00 AM,1°C
IMG_1276.JPG,2013-10-20 1 :00:00 PM,3°C
IMG_1277.JPG,2013-10-20 2:00:00 PM,2°C
IMG_1278.JPG,2013-1020 300:00 PM ,3°C
IMG_1279.JPG,2013-10-20 4: 00: 00 PM:' . Wax.,1°C
IMG_1280.JPG,2013-10-20 5:00:00 PM,1°C
IMG_1281.JPG,2013-10-20 6:00:00 PM,1°C
IMG_1282.JPG,2013-10-20 7:00:00 PM,0°C
IMG_1283.JPG,20 13- 10-207 78 : OO : 00 PM8;-,
IMG_1284.JPG,2013-10-20 9:00:00 PM,
IMG_1285.JPG,2013-10-20 10:00:00 PM,
IMG_1286.JPG,2013-10-21 5:00:00 AM,
IMG_1287.JPG,2013-10-21 6:00:00 AM,
IMG_1288.JPG,2013-10-21 7:00:00 AM,0°C
IMG_1289.JPG,2013-10-21 8:00:00 AM,0°C
IMG_1290.JPG,2013-10-21 9:00:00 AM,0°C
IMG_1291.JPG,2013-10-21 10:00:00 AM,1°C
IMG_1292.JPG,2013-10-21 11 :00:00 AM,1°C
IMG_1293.JPG,2013-10-21 1 :00:00 PM,3°C
IMG_1294.JPG,2013-10-21 2:00:00 PMm,5°C
IMG_1295.JPG,2013-10-21 3:00:00 PM,6°C
IMG_1296.JPG,2013-10-21 4:00:00 PM,5°C
IMG_1297.JPG,2013-10-21 5:00:00 PM,2°C
IMG_1298.JPG,2013-10-21 6:00:00 PM,2°C
IMG_1299.JPG,2013-10-21 7:00:00 PM Aca,2°C
IMG_1300.JPG,2013-10-21 8:00:00 PM,2°C
IMG_1301.JPG,2013-10-21 9:00:00 PM,2°C
IMG_1302.JPG,2013-10-21 10:00:00 PM,2°C
IMG_1303.JPG,2013-10-22 5:00:00 AM,0°C
IMG_1304.JPG,2013-10-22 6:00:00 AMmu,0°C
IMG_1305.JPG,2013-10-22 7:00:00 AM,0°C
IMG_1306.JPG,2013-10-22 8:00:00 AM,0°C
IMG_1307.JPG,2013-10-22 9:00:00 AM*E.rm.'9&,0°C
IMG_1308.JPG,2013-10-22 10:00:00 AM,1°C
IMG_1309.JPG,2013-10-22 1 1 : OO : 00 AM§='.'E-.,3°C
IMG_1310.JPG,2013-10-22 1 :00:00 PM,2°C
IMG_1311.JPG,2013-10-22 200:00 PM,40c:
IMG_1312.JPG,"2013-10-22 3: 00.: 00 PME""-:a--",3°C;
IMG_1313.JPG,2013-1022 4:00:00 PM,5°C
IMG_1314.JPG,2013-10-22 5:00:00 PMr,40c:
IMG_1315.JPG,2013-10-22 6:00:00 PM,2°C
IMG_1316.JPG,2013-10-22 7:00:00 PM,3°C
IMG_1317.JPG,2013-10-22 8:00:00 PM,1°C
IMG_1318.JPG,2013-10-22 9:00:00 PM,1°C
IMG_1319.JPG,2013-10-22 10:00:00 PM,1°C
IMG_1320.JPG,2013-10-23 5:00:00 AM,1°C
IMG_1321.JPG,2013-10-23 6:00:00 AMﬁ-,1°C
IMG_1322.JPG,20 13- 10-23 7 :OO : 00 AM,1°C
IMG_1323.JPG,2013-10-23 8:00:00 AM,2°C
IMG_1324.JPG,2013-10-23 9:00:00 AM,2°C
IMG_1325.JPG,2013-10-23 10:00:00 AM,3°C
IMG_1326.JPG,2013-10-23 1 1 :00:00 AM,40c:
IMG_1327.JPG,2013-10-23 1 :00:00 PM,5°C
IMG_1328.JPG,2013-10-23 2:00:00 PM,6°C
IMG_1329.JPG,2013-10-23 3:00:00 PM,6°C
IMG_1330.JPG,2013-10-23 4:00:00 PM,6°C
IMG_1331.JPG,2013-10-23 5:00:00 PM,8°C
IMG_1332.JPG,2013-10-23 6:00:00 PM,6°C
IMG_1333.JPG,2013-10-23 7:00:00 PM,5°C
IMG_1334.JPG,2013-10-23 8:00:00 PM,5°C
IMG_1335.JPG,2013-10-23 9:00:00 PM,5°C
IMG_1336.JPG,2013-10-23 10:00:00 PM,5°C
IMG_1337.JPG,2013-10-24 5:00:00 AM,5°C
IMG_1338.JPG,2013-10-24 6:00:00 AM,5°C
IMG_1339.JPG,2013-10-24 7:00:00 AM,5°C
IMG_1340.JPG,2013-10-24 8:00:00 AM,5°C
IMG_1341.JPG,2013-1024 9:00:007 AM.7 a run,5°C
IMG_1342.JPG,2013-10-24 10:00:00 AM,6°C
IMG_1343.JPG,2013-10-24 1 1 :00:00 AM,8°C
IMG_1344.JPG,20131024 1§OO:OQ:PM,12°C
IMG_1345.JPG,2013-10-24 2000:O M77' \,12°C
IMG_1346.JPG,2013-10-24 3:00:00 PM,12°C
IMG_1347.JPG,2013-10-24 4 : OO : 00 PM-’x,9°C
IMG_1348.JPG,2013-10-24 5:00:00 PM 7,9°C
IMG_1349.JPG,2013-10-24 500.:0 PM,9°C
IMG_1350.JPG,2013-10-24 7 : OO : OOPM 7,8°C
IMG_1351.JPG,2013-10-24 8:00:00 PM,7°C
IMG_1352.JPG,2013-10-24 9:00:00 PM,7°C
IMG_1353.JPG,2013-10-24 10:00:00 PM,7°C
IMG_1354.JPG,2013-10-25 5:00:00 AM,5°C
IMG_1355.JPG,2013-10-25 6: 00: 00 AMv.g= 33 (-,5°C
IMG_1356.JPG,2013-1025 7: Q9: 00 AM- 3:-,5°C
IMG_1357.JPG,2013-10-25 8:00:00 AM 7,6°C
IMG_1358.JPG,2013-10-25 9 :00 : 00 AM,9°C
IMG_1359.JPG,2013-10-25 10:00:00 AM?,11°C
IMG_1360.JPG,2013-10-25 1 1 :00:00 AM,12°C
IMG_1361.JPG,2013-10-25 1 :00:00 PM,21°C
IMG_1362.JPG,2013-1025 2390 : 00 PM.2- ; um,18°C
IMG_1363.JPG,2013-10-25 3:00:00 PM ~m,18°C
IMG_1364.JPG,2013-10-25 4OO: 00 PM:.°m,16°C
IMG_1365.JPG,"2013-10-25 5: OO: 00 PM *.~.- ""I we.",12°C
IMG_1366.JPG,2013-10-25 6: OO: 00 PM  Vt,10°C
IMG_1367.JPG,2013-10-25 7: 00: 00 PMrw==l-ni-,9°C
IMG_1368.JPG,2013-10-25 8:00:00 PM»,8°C
IMG_1369.JPG,2013-10-25 9:00:00 PM,7°C
IMG_1370.JPG,2013-10-25 10:00:00 PM,7°C
IMG_1371.JPG,2013-10-26 5:00:00 AM,5°C
IMG_1372.JPG,"2013-10-26 6: 00: 00 AMF..§J ""Ls-",40c:
IMG_1373.JPG,2013-10-26 7:00:00 AM,40c:
IMG_1374.JPG,2013-10-26 8:00:00  AM,6°C
IMG_1375.JPG,2013-10-26 9:00:00 AM-m.-r:.e-,11°C
IMG_1376.JPG,2013-10-26 10:00:00 AM,12°C
IMG_1377.JPG,2013-10-26 1 1 :00:00 AM,9°C
IMG_1378.JPG,2013-10-26 100:00 PM,11°C
IMG_1379.JPG,2013-10-26 2:00:00 PMi,10°C
IMG_1380.JPG,2013-10-26 3:00:00 PMV 1W,8°C
IMG_1381.JPG,2013-10-26 40:0PM,6°C
IMG_1382.JPG,2013-10-26 5:00:00 PM,8°C
IMG_1383.JPG,2013-10-26 6:00:00 PM .  ' 1,7°C
IMG_1384.JPG,2013-10-26 7:00:00 PM,40c:
IMG_1385.JPG,2013-10-26 8:00:00 PM ~i,3°C
IMG_1386.JPG,2013-10-26 9:00:00 PM,3°C
IMG_1387.JPG,2013-10-26 10:00:00 PM,3°C
IMG_1388.JPG,2013-10-27 5:00:00 AM,3°C
IMG_1389.JPG,2013-10-27 6:00:00 AM,3°C
IMG_1390.JPG,2013-10-27 7:00:00 AM,40c:
IMG_1391.JPG,2013-10-27 8:00:00 AM,7°C
IMG_1392.JPG,2013-10-27 9:00:00 AMMs: ,8°C
IMG_1393.JPG,20131027 10:00:00 AM;V*m: f,8°C
IMG_1394.JPG,2013-10-27 1 1 :00:00 AM,7°C
IMG_1395.JPG,2013-10-27 1 :00:00 PM,14°C
IMG_1396.JPG,2013-10-27 2:00:00 PM,11°C
IMG_1397.JPG,2013-10-27 3:00:00 PM,10°C
IMG_1398.JPG,2013-10-27 4:00:00 PM,40c:
IMG_1399.JPG,2013-10-27 5:00:00 PM,5°C
IMG_1400.JPG,2013-10-27 6:00:00 PM,40c:
IMG_1401.JPG,2013-10-27 7:00:00 PM,3°C
IMG_1402.JPG,2013-10-27 8:00:00 PM,3°C
IMG_1403.JPG,2013-10-27 9:00:00 PM,1°C
IMG_1404.JPG,2013-10-27 10:00:00 PM,1°C
IMG_1405.JPG,2013-10-28 5:00:00 AM,0°C
IMG_1406.JPG,2013-10-28 6:00:00 AM,1°C
IMG_1407.JPG,2013-10-28 7:00:00 AM,1°C
IMG_1408.JPG,2013-10-28 8:00:00 AM,1°C
IMG_1409.JPG,2013-10-28 9:00:00 AMﬂ,2°C
IMG_1410.JPG,2013-10-28 10:00:00 AM,3°C
IMG_1411.JPG,2013-1028 11: 00: 0Q AM.I gag as,40c:
IMG_1412.JPG,2013-10-28 1:00:00 PM 7(st7,7°C
IMG_1413.JPG,2013-10-28 2:00:00 PM,7°C
IMG_1414.JPG,"2013-1028 3:00:00 PM- - m"" ~s.~",11°C
IMG_1415.JPG,2013-1028 4:00:00 PM ,13°C
IMG_1416.JPG,"2013-1028 5:00:00 PM3g?!  ""Xi-w",14°C
IMG_1417.JPG,2013-10-28 6:00:00 PM 1%!,16°C
IMG_1418.JPG,2013-10-28 7:00:00 PM,14°C
IMG_1419.JPG,2013-10-28 8:00:00 PM,10°C
IMG_1420.JPG,2013-10-28 9:00:00 PM,3°C
IMG_1421.JPG,2013-10-28 10:00:00 PM,3°C
IMG_1422.JPG,2013-10-29 5:00:00 AM,5°C
IMG_1423.JPG,2013-10-29 6: OO: OOAM,5°C
IMG_1424.JPG,"2013-10-29 7:00:00 AMA "".",5°C
IMG_1425.JPG,2013-10-29 8:00:00 ,8°C
IMG_1426.JPG,2013-10-29 9:00:00 AM,8°C
IMG_1427.JPG,2013-10-2910:00:00AM7,11°C
IMG_1428.JPG,2013-10-29 1 1 :00:00 AM,11°C
IMG_1429.JPG,2013-10-29 1 :00:00 PM,16°C
IMG_1430.JPG,2013-1029 2: 00: 00 PMfwm ,18°C:
IMG_1431.JPG,20 13- 10-29 0000:00 PMi,21°C
IMG_1432.JPG,20 1 3- 1 0-29,20°C
IMG_1433.JPG,"2013-10-29 5 : OO : 00 PM A; 1301""!",17°C
IMG_1434.JPG,2013-10-29 6:00:00 PM,13°C
IMG_1435.JPG,2013-10-29 7:00:00 PM,16°C
IMG_1436.JPG,2013-10-29 8:00:00 PM,12°C
IMG_1437.JPG,2013-10-29 9:00:00 PM,5°C
IMG_1438.JPG,2013-10-29 10:00:00 PM,5°C
IMG_1439.JPG,2013-10-30 5:00:00 AM,40c:
IMG_1440.JPG,2013-10-30 6:00:00 AM,5°C
IMG_1441.JPG,2013-10-30 7:00:00 AM,5°C
IMG_1442.JPG,2013-10-30 8:00:00 AM,6°C
IMG_1443.JPG,2013-10-30 9:00:00 AM,9°C
IMG_1444.JPG,2013-10-30 10:00:00 AM,10°C
IMG_1445.JPG,2013-10-30 1 1 :00:00 AM,10°C
IMG_1446.JPG,2013-10-30 1 :00:00 PM,14°C
IMG_1447.JPG,2013-10-30 2:00:00 PM,15°C
IMG_1448.JPG,2013-10-30 3:00:00 PM,14°C
IMG_1449.JPG,2013-10-30 4:00:00 PM,13°C
IMG_1450.JPG,2013-10-30 5:00:00 PM,15°C
IMG_1451.JPG,2013-10-30 6:00:00 PM,19°C
IMG_1452.JPG,2013-10-30 7:00:00 PM,17°C
IMG_1453.JPG,2013-10-30 8:00:00 PM,14°C
IMG_1454.JPG,2013-10-30 9:00:00 PM,10°C
IMG_1455.JPG,2013-10-30 10:00:00 PM,8°C
IMG_1456.JPG,2013-10-31 5:00:00 AM,6°C
IMG_1457.JPG,2013-10-31 6:0000 AM,5°C
IMG_1458.JPG,2013-10-31 7:00:00 AM,5°C
IMG_1459.JPG,2013-10-31 8: 00: 00 AMr§mﬁm,5°C
IMG_1460.JPG,2013-10-31 9:00:00 AM,5°C
IMG_1461.JPG,2013-10-31 10:00:00 AMm,6°C
IMG_1462.JPG,2013-10-31 11:00:00 AM,7°C
IMG_1463.JPG,2013-10-31 1:00:00. PM,10°C
IMG_1464.JPG,2013-10-31 2: 00:00 PM,9°C
IMG_1465.JPG,2013-10-31 3:00:00 PM,10°C
IMG_1466.JPG,2013-10-31 4:00:00 PM,14°C
IMG_1467.JPG,"2013-10-31 5: 00: 00 PM j-\""§n:1",14°C
IMG_1468.JPG,"2013-10-31 6:00:00 PM ""air 1",15°C
IMG_1469.JPG,2013-10-31 77:00:00 PM«’t’ ' 5-,14°C
IMG_1470.JPG,2013-10-31 8:00:00 PM,8°C
IMG_1471.JPG,2013-10-31 9:00:00 PM :-,40c:
IMG_1472.JPG,2013-10-31 10:00:00 PM,40c:
IMG_1473.JPG,2013-11-01 5:00:00 AM,5°C
IMG_1474.JPG,2013-11-01 6: 00: 00 AM.3Ln-f.;'.z 1.,5°C
IMG_1475.JPG,2013-11-01 7: 00: 00 AMn-.- P,5°C
IMG_1476.JPG,2013-11-018:00:00 AM,8°C
IMG_1477.JPG,"2013-11-01 9: 00: OO QM""""""",13°C
IMG_1478.JPG,2013-11-01 10: 00: 00 AM'm;~,13°C
IMG_1479.JPG,2013-1 1-01 1 1 :00:00 AM,15°C
IMG_1480.JPG,2013-11-01 1 :00:00 PM ,18°C
IMG_1481.JPG,2013-11-01 2:00:00 PM 7,16°C
IMG_1482.JPG,2013-11-01 3:00:00 PM,16°C
IMG_1483.JPG,2013-11-01 4: OO: OQ PM 7 -'-5’ Ah m,18°C
IMG_1484.JPG,2013-11-01 5: 00: 00 PMTL?-,18°C
IMG_1485.JPG,2013-11-01 6:00:00 PM23- 'm,17°C
IMG_1486.JPG,"2013-11-01 7:00:00 PM ""~",11°C
IMG_1487.JPG,"2013-11-01 8: 00 :00 PM»ﬂ:-.;""' Fa-",7°C
IMG_1488.JPG,2013-11-01 9:00:00 PM,7°C
IMG_1489.JPG,2013-11-01 10:00:00 PM,7°C
IMG_1490.JPG,2013-11-02 5:00:00 AM,6°C
IMG_1491.JPG,2013-11-02 6:00:00 AM,6°C
IMG_1492.JPG,2013-11-02 7:00:00 AM,7°C
IMG_1493.JPG,2013-11-02 8:00:00 AM,8°C
IMG_1494.JPG,2013-11-02 9:00:00 AM,10°C
IMG_1495.JPG,2013-1 1-02 10:00:00 AM,9°C
IMG_1496.JPG,2013-11-02 11 :00:00 AM,6°C
IMG_1497.JPG,2013-1102 1 :00:00 PM,5°C
IMG_1498.JPG,"2013-1 1-02 2:00:00 PM.bw.a.z~a"" ""*- ",5°C
IMG_1499.JPG,2013-11-02 3: 00: OO E’fli,40c:
IMG_1500.JPG,2013-11-02 4: 00: 00 PM a...  T,3°C
IMG_1501.JPG,2013-11-02 5:00:00 PM ,5°C
IMG_1502.JPG,2013-11-02 67:00:00 PM . A  :,5°C
IMG_1503.JPG,2013-11-02 7:00:00 PM,8°C
IMG_1504.JPG,2013-11-02 8:00:00 PM,5°C
IMG_1505.JPG,2013-11-02 9:00:00 PM,3°C
IMG_1506.JPG,2013-1 1-02 10:00:00 PM,2°C
IMG_1507.JPG,"2013-11-03 5:00:00 9c-’""='""",2°C
IMG_1508.JPG,2013-11-03 6: 00: 00 AM},1°C
IMG_1509.JPG,2013-11-03 7:00:00 AMm,2°C
IMG_1510.JPG,"2013-1 1-03 8:00:00 AMr""nr",3°C
IMG_1511.JPG,2013-1 1-03 9:00:00 AM,2°C
IMG_1512.JPG,2013-1 1-03 10:00:00 AM,2°C
IMG_1513.JPG,2013-11-03 11 :00:00 AM,0°C
IMG_1514.JPG,2013-11-03 1 :00:00 PM,40c:
IMG_1515.JPG,2013-11-03 2:00:00 PM,40c:
IMG_1516.JPG,2013-11-03 3:00:00 PM,6°C
IMG_1517.JPG,2013-1103 4:00:00PM,6°C
IMG_1518.JPG,2013-11-03 5:00:00 PM,8°C
IMG_1519.JPG,2013-11-03 6:00:00 PM,9°C
IMG_1520.JPG,2013-11-03 7:00:00 PM,9°C
IMG_1521.JPG,2013-11-03 8:00:00 PM,7°C
IMG_1522.JPG,2013-1 1-03 9:00:00 PMa :51-,5°C
IMG_1523.JPG,2013-1 1-03 10:00:00 PM,5°C
IMG_1524.JPG,2013-11-04 5:00:00 AM,40c:
IMG_1525.JPG,2013-11-04 6:00:00 AM,5°C
IMG_1526.JPG,2013-11-04 7:00:00 AM,5°C
IMG_1527.JPG,2013-11-04 8:00:00 AM,5°C
IMG_1528.JPG,2013-1 1-04 9:00:00 AM,6°C
IMG_1529.JPG,2013-1 1-04 10:00:00 AM,6°C
IMG_1530.JPG,2013-11-04 11 :00:00 AMm,6°C
IMG_1531.JPG,2013-11-04 1 :00:00 PM,9°C
IMG_1532.JPG,2013-11-04 2:00:00 PM,6°C
IMG_1533.JPG,2013-11-04 3:00:00 PM,7°C
IMG_1534.JPG,2013-11-04 4:00:00 PM,6°C
IMG_1535.JPG,2013-11-04 5:00:00 PM,6°C
IMG_1536.JPG,2013-11-04 6:00:00 PM,6°C
IMG_1537.JPG,2013-11-04 7:00:00 PM,40c:
IMG_1538.JPG,2013-11-04 8:00:00 PM,3°C
IMG_1539.JPG,2013-11-04 9:00:00 PM,40c:
IMG_1540.JPG,2013-1 1-04 10:00:00 PM,40c:
IMG_1541.JPG,2013-11-05 5:00:00 AM ,3°C
IMG_1542.JPG,2013-11-05 6: 00: 00 AMW 35.,3°C
IMG_1543.JPG,2013-11-05 7:00:00 A,40c:
IMG_1544.JPG,2013-11-05 8: 00: 00 AM Fa!,6°C
IMG_1545.JPG,2013-11-05 9:00:00 AMg!,7°C
IMG_1546.JPG,2013-11-05 10: 00: 00 AM WW?!,9°C
IMG_1547.JPG,"2013-11-05 11:00:00 QM 77 7"" :5:- 7 r m",12°C
IMG_1548.JPG,2013-1 1-05 00:00 PM,14°C
IMG_1549.JPG,2013-11-05 2: :OO 00 PM M1 an!!,15°C
IMG_1550.JPG,2013-11-05 3:00:00 PMﬁ;mm,17°C
IMG_1551.JPG,2013-11-05 4:00:00 PM,15°C
IMG_1552.JPG,"2013-11-05 5: 00: 00 PM a- 1""",12°C
IMG_1553.JPG,2013-11-05 6:00:00 P,12°C
IMG_1554.JPG,2013-11-05 7:00:007 PM,18°C
IMG_1555.JPG,2013-11-05 8:00:00 PM ,15°C
IMG_1556.JPG,2013-11-05 9:00:00 PM ,9°C
IMG_1557.JPG,2013-1 1-05 10:00:00 PM,7°C
IMG_1558.JPG,2013-11-06 5: 00: 00 AM¢m ,6°C
IMG_1559.JPG,2013-11-06 6: 00: 00 AMEt *5 54?,7°C
IMG_1560.JPG,2013-1106 7:00:00 AMv ,soc‘
IMG_1561.JPG,2013-1 106 8:00:00 AM~m,13°C
IMG_1562.JPG,2013-11-06 9:00:00 AM.. -m-mg?=,14°C
IMG_1563.JPG,2013-1 1-06 10:00:00 AM,12°c‘
IMG_1564.JPG,2013-1106 11 :00:00 m;advm,14°C
IMG_1565.JPG,2013-11-06 1 :00:00 PM,13°C
IMG_1566.JPG,2013-11-06 2: OQ: 00 PM \-,19°C
IMG_1567.JPG,2013-11-06 3:00:00 PM Iw,12°C
IMG_1568.JPG,2013-11-06 4:00:00 PM,6°C
IMG_1569.JPG,2013-11-06 5: OO: 09 PM N,11°C
IMG_1570.JPG,2013-11-06 6:00:00 PM'.~5:e:§ v,9°C
IMG_1571.JPG,2013-1 1-06 7:00:00 PM,7°C
IMG_1572.JPG,2013-1 1-06 8:00:00 PM,5°C
IMG_1573.JPG,2013-11-06 9:00:00 PM,40c:
IMG_1574.JPG,2013-1 1-06 10:00:00 PM,3°C
IMG_1575.JPG,2013-11-07 5:00:00 AM,0°C
IMG_1576.JPG,2013-11-07 6:00:00 AM,
IMG_1577.JPG,2013-11-07 7:00:00 AM,0°C
IMG_1578.JPG,2013-11-07 8:00:00 AM,1°C
IMG_1579.JPG,2013-11-07 9:00:00 AM,2°C
IMG_1580.JPG,2013-1 1-07 10:00:00 AM,40c:
IMG_1581.JPG,2013-11-07?:11:OO:OO AM;hm,40c:
IMG_1582.JPG,2013-11-07 1 :00:00 PM,3°C
IMG_1583.JPG,2013-11-07 2:00:00 PM 7.31,40c:
IMG_1584.JPG,2013-11-07 3: 00: 00 PMxnm ,40c:
IMG_1585.JPG,2013-1 1-07 4:00:00 PMmmV,40c:
IMG_1586.JPG,2013-11-07 5:00:00 PMwww,6°C
IMG_1587.JPG,2013-11-07 6:00:00 PM,7°C
IMG_1588.JPG,2013-11-07 7:00:00 PM,8°C
IMG_1589.JPG,2013-11-07 8:00:00 PM,6°C
IMG_1590.JPG,2013-1 1-07 9:00:00 PM5w,1°C
IMG_1591.JPG,2013-1 1-07 10:00:00 PM,1°C
IMG_1592.JPG,2013-11-08 5:00:00 AM,
IMG_1593.JPG,2013-11-08 6:00:00 AM,
IMG_1594.JPG,2013-11-08 7:00:00 AM,
IMG_1595.JPG,2013-11-08 8:00:00 AM,
IMG_1596.JPG,2013-11-08 9:00:00 AM,0°C
IMG_1597.JPG,2013-1 1-08 10:00:00 AM,0°C
IMG_1598.JPG,2013-11-08 11 :00:00 AM,1°C
IMG_1599.JPG,2013-11-08 1 :00:00 PM,0°C
IMG_1600.JPG,2013-11-08 2:00:00 PM,2°C
IMG_1601.JPG,2013-11-08 3:00:00 PM,0°C
IMG_1602.JPG,2013-11-08 4:00:00 PM,1°C
IMG_1603.JPG,2013-11-08 5:00:00 PM,1°C
IMG_1604.JPG,2013-11-08 6:00:00 PM,1°C
IMG_1605.JPG,2013-11-08 7:00:00 PM,0°C
IMG_1606.JPG,2013-11-08 8:00:00 PM,
IMG_1607.JPG,2013-11-08 9:00:00 PM,
IMG_1608.JPG,2013-1 1-08 10:00:00 PM,
IMG_1609.JPG,2013-11-09 5:00:00 AM,0°C
IMG_1610.JPG,2013-11-09 6:00:00 AM,0°C
IMG_1611.JPG,2013-11-09 7:00:00 AM,0°C
IMG_1612.JPG,2013-11-09 8:00:00 AM,1°C
IMG_1613.JPG,2013-11-09 9:00:00 AM,1°C
IMG_1614.JPG,2013-1 1-09 10:00:00 AM,1°C
IMG_1615.JPG,2013-11-09 11 :00:00 AM,2°C
IMG_1616.JPG,"2013-11-09 1:00:00 PMa"" T",7°C
IMG_1617.JPG,720131109 2:90:09 PM,6°C
IMG_1618.JPG,2013-11-09 3: 00: 00 PM’urw Ft,6°C
IMG_1619.JPG,"2013-1 1-09 4:00:00 PM""¥'ai£"" 'Yw",7°C
IMG_1620.JPG,2013-11-09 5: 00: 00 PMfw~r.ailr'- F-,6°C
IMG_1621.JPG,2013-11-09 6:00:00 PMV+uasg>' *V-v,7°C
IMG_1622.JPG,2013-1 1-09 7:00:00 PMm?!-,5°C
IMG_1623.JPG,2013-11-09 8: 00: 00 PMW ”V,5°C
IMG_1624.JPG,2013-11-09 9:00:00 PM,5°C
IMG_1625.JPG,2013-1 1-09 10:00:00 PM,40c:
IMG_1626.JPG,2013-11-10 5:00:00 AM-1w,40c:
IMG_1627.JPG,2013-11- 10 B: 00: 0Q AM,40c:
IMG_1628.JPG,2013-11-10 7:00:00 AM,5°C
IMG_1629.JPG,2013-1110 8:00:00 AM,6°C
IMG_1630.JPG,2013-1 1-10 9:00:00 AM,9°C
IMG_1631.JPG,2013-11-10 10:00:00 AMwms,10°C
IMG_1632.JPG,2013-11- 10 11: 00: 00 AM.;;: '6-,11°C
IMG_1633.JPG,2013-11-10 1 :OO:OOVP,10°C
IMG_1634.JPG,2013-11-10 2:00:00 PM,5°C
IMG_1635.JPG,2013-1 1-10 33:00:00 PMrm,10°C
IMG_1636.JPG,2013-11-10 4:00:00 PM a;,12°C
IMG_1637.JPG,2013-11- 10 5: 00: 00 PM &W,11°C
IMG_1638.JPG,2013-11-10 6:00:00 PM,13°C
IMG_1639.JPG,2013-1 1-10 7:00:00 PM W,10°C
IMG_1640.JPG,2013-11-10 8:00:00 PM,17°C
IMG_1641.JPG,7 01311-10 9:00:00 PM,7°C
IMG_1642.JPG,2013-11-10 10:00:00 PM,40c:
IMG_1643.JPG,"2013-11-11 5:00:00 AM""L""w'",40c:
IMG_1644.JPG,2013-11-11 6:00:00. AM'~ $,40c:
IMG_1645.JPG,"2013-11-11 7:00:00 9M1um-"" 1""",5°C
IMG_1646.JPG,2013-11-11 8: 00: 00 AM-r - 2-,7°C
IMG_1647.JPG,2013-1 1-1-1 9:00:00 AMmw~,7°C
IMG_1648.JPG,2013-11-11 10:00:00 AM,9°C
IMG_1649.JPG,2013-11-11 11 :00:00 AM,10°C
IMG_1650.JPG,2013-11-11 1 :00:00 PMI:r1r-,9°C
IMG_1651.JPG,2013-11-11 2: 00: 0Q P 3335*; T,9°C
IMG_1652.JPG,2013-11-11 3:00:00 PMm§,10°C
IMG_1653.JPG,2013-11-11 4:00:00 PM ',10°C
IMG_1654.JPG,2013-11-11 5:00:00 PM,3°C
IMG_1655.JPG,2013-11-11 6:00:00 PM '\,8°C
IMG_1656.JPG,2013-11-11 7:00:00 PM -,7°C
IMG_1657.JPG,2013-11-11 8:00:00 PM 3’!,6°C
IMG_1658.JPG,2013-11-11 9:00:00 PMW -,5°C
IMG_1659.JPG,2013-11-11 10:00:00 PM,2°C
IMG_1660.JPG,2013-11-12 5:00:00 A:.~<-ﬁ.,3°C
IMG_1661.JPG,2013-11-12 6:00:00 AM,40c:
IMG_1662.JPG,2013-11-12 7:00:00 AM,40c:
IMG_1663.JPG,2013-11-12 8:00:00 AM,5°C
IMG_1664.JPG,"2013-11-12 9:00:00 AM""",5°C
IMG_1665.JPG,2013-11-12 10:00:00 AME,5°C
IMG_1666.JPG,2013-11-12 11 :00:00 A,40c:
IMG_1667.JPG,2013-11-12 1 :00:00 PM,3°C
IMG_1668.JPG,2013-11-12 2:00:00 PM,3°C
IMG_1669.JPG,2013-11-12 3:00:00 PM,40c:
IMG_1670.JPG,2013-11-12 4:00:00 PM,3°C
IMG_1671.JPG,2013-11-12 5:00:00 PMa§,40c:
IMG_1672.JPG,2013-11-12 6:00:00 PM:'r=,40c:
IMG_1673.JPG,2013-11-12 7:00:00 PM,3°C
IMG_1674.JPG,2013-11-12 8:00:00 PM,3°C
IMG_1675.JPG,2013-11-12 9:00:00 PM,3°C
IMG_1676.JPG,2013-11-12 10:00:00 PM,2°C
IMG_1677.JPG,2013-11-13 5:00:00 AMI:avﬁr,3°C
IMG_1678.JPG,2013-1113 6:00:00 AM,3°C
IMG_1679.JPG,2013-11- 13 7: 00: 00 AM;; ,3°C
IMG_1680.JPG,2013-11-13 8:00:00 AM,5°C
IMG_1681.JPG,2013-11- 13 Q: OO: 00 A4'.-m§z S-,6°C
IMG_1682.JPG,2013-1 113 10:00:00 AM,40c:
IMG_1683.JPG,2013-11- 13 11: 00: 00 AM . 2-,3°C
IMG_1684.JPG,2013-11-13 1;OO:OO PM's'..a5' a *3,6°C
IMG_1685.JPG,2013-11-13 2:00:00 PM,7°C
IMG_1686.JPG,2013-11- 13 3: 00: 00 PMw *,7°C
IMG_1687.JPG,2013-11-13 4:00:00 PM,7°C
IMG_1688.JPG,2013-11-13 5:00:00 PM,8°C
IMG_1689.JPG,2013-11-13 6:00:00 PM,7°C
IMG_1690.JPG,2013-1113 7:00:00 PM,6°C
IMG_1691.JPG,2013-11- 13 8: 0000 PM,5°C
IMG_1692.JPG,2013-1 1-13” 9:00:00 PM j .122? «5,40c:
IMG_1693.JPG,2013-11-13 10:00:00 PM,40c:
IMG_1694.JPG,"2013-11-14 5:00:00 AM!.""'-w",3°C
IMG_1695.JPG,2013-11-14 6:00:00 AM!:W* 3-,40c:
IMG_1696.JPG,2013-11- 14 7: 00: 00 AM':aaa 4:: ,40c:
IMG_1697.JPG,"2013-1114 8:00:00 AM"" T",5°C
IMG_1698.JPG,2013-11-14 9:00:00 A 7-,6°C
IMG_1699.JPG,"2013-11- 14 10: 00: 00 AM”'73"":",7°C
IMG_1700.JPG,2013-11-14 11 :00:00 AM,9°C
IMG_1701.JPG,2013-11-14 1 :00:00 PM,11°C
IMG_1702.JPG,2013-11-14 2:00:00 PMis 'm,12°C
IMG_1703.JPG,2013-11- 14 300: QQ PM,11°C
IMG_1704.JPG,2013-11- 14 4: 00: 00 PM»W,10°C
IMG_1705.JPG,2013-11- 14 5: 00: 00 PM ,9°C
IMG_1706.JPG,2013-11-14 6:00:00 PM,7°C
IMG_1707.JPG,2013-11- 14 7: 00: 09 PM.»-.-: ,8°C
IMG_1708.JPG,"2013-11- 14 8: 00: 00 PM»H£.:’ ""F V-",6°C
IMG_1709.JPG,2013-11-14 9:00:00 PM,5°C
IMG_1710.JPG,2013-11-14 10:00:00 PM,5°C
IMG_1711.JPG,2013-11-15 5:00:00 AM,5°C
IMG_1712.JPG,2013-11-15 6:00:00,6°C
IMG_1713.JPG,2013-11-15 7:00:00 AM,5°C
IMG_1714.JPG,2013-11-15 8:00:00 AM,5°C
IMG_1715.JPG,2013-11-15 9:00:19:,6°C
IMG_1716.JPG,2013-11-15 10:00:00 AM,6°C
IMG_1717.JPG,2013-11-15 11 :00:00 AM,6°C
IMG_1718.JPG,2013-11-15 1 :00:00,7°C
IMG_1719.JPG,2013-11-15 2:00:00 PM,6°C
IMG_1720.JPG,2013-11-15 3:00:00 PM,40c:
IMG_1721.JPG,2013-11-15 4:00:00 PM,40c:
IMG_1722.JPG,2013-11- 15 5: 00: 00 PMw-'T,5°C
IMG_1723.JPG,2013-11- 15 B: 00: 00 PM>§ ,5°C
IMG_1724.JPG,2013-11-15 7:00:00 PM,40c:
IMG_1725.JPG,2013-11-15 8:00:00 PM,40c:
IMG_1726.JPG,2013-11-15 9:00:00 PM,40c:
IMG_1727.JPG,2013-11-15 10:00:00 PM,3°C
IMG_1728.JPG,2013-11-16 5:00:00 AM,2°C
IMG_1729.JPG,2013-11-16 6:00:00 AM,2°C
IMG_1730.JPG,2013-11-16 7:00:00 AM,2°C
IMG_1731.JPG,2013-11-16 8:00:00 AM,3°C
IMG_1732.JPG,2013-1 1-16 9: 00:00 AM,5°C
IMG_1733.JPG,2013-11-16 10:00:00 AM,7°C
IMG_1734.JPG,2013-11-16 11 :00:00 AM,6°C
IMG_1735.JPG,2013-11-16 1: 00: 00 PMw Ts,8°C
IMG_1736.JPG,2013-11-16 2: OO: 09 PM:Ha::  v-,6°C
IMG_1737.JPG,2013-11-16 3:00:00 PM,5°C
IMG_1738.JPG,2013-11-16 4:00:00 PM,40c:
IMG_1739.JPG,2013-11-16 5:00:00 PM,40c:
IMG_1740.JPG,2013-11-16 6:00:00 PM,40c:
IMG_1741.JPG,2013-11-16 7:00:00 PM,3°C
IMG_1742.JPG,2013-11-16 8:00:00 PM,2°C
IMG_1743.JPG,2013-11-16 9:00:00 PM,2°C
IMG_1744.JPG,2013-11-16 10:00:00 PM,1°C
IMG_1745.JPG,2013-11- 17 500700 AM,0°C
IMG_1746.JPG,"2013-11-17 6:00:00 AM ""=-",1°C
IMG_1747.JPG,2013-11-17 77:00:00 AM,5°C
IMG_1748.JPG,2013-11- 17 8: 00: 00 AMtx  :-,10°C
IMG_1749.JPG,2013-11- 17 Q: 00: 00 AM'-” a,8°C
IMG_1750.JPG,2013-11- 17 10: 00: 00 AManznw,9°C
IMG_1751.JPG,2013-11- 17 11: 00: 00 AMW A,11°C
IMG_1752.JPG,2013-1 1-17 1 :OO:OOH PM,9°C
IMG_1753.JPG,2013-11- 17 2: 00: 00 PMw HI-a,11°C
IMG_1754.JPG,2013-11-17 3:00:00 PMV,12°C
IMG_1755.JPG,2013-11- 17 4: 00: 00 PM*~;!ﬁ-,12°C
IMG_1756.JPG,"2013-11- 17 5: 00: 00 PM ram"" m",11°C
IMG_1757.JPG,"2013-11- 17 B: 00: 00 PM """,10°C
IMG_1758.JPG,"2013-1117 7:00:00 PM’W1""",11°C
IMG_1759.JPG,2013-11-17 8:00:00 PM,5°C
IMG_1760.JPG,2013-11-17 9:00:00 PM,2°C
IMG_1761.JPG,2013-11-17 10:00:00 PM,2°C
IMG_1762.JPG,2013-11- 18 5: 00: 00 AM':~ W-,2°C
IMG_1763.JPG,2013-11- 18 B: 00: 00 AM'- 'V-,3°C
IMG_1764.JPG,"2013-11- 18 7: 00: 00 9M'- ""r-«",40c:
IMG_1765.JPG,2013-1118 8:00:00 QM'- 3,5°C
IMG_1766.JPG,"2013-11-18 9:00:00 AMrarm' ""T",6°C
IMG_1767.JPG,2013-1 118 10:00:00 AM¥’w,7°C
IMG_1768.JPG,"2013-11-18 11 :OO:QO AM""""Tg-",7°C
IMG_1769.JPG,2013-11-18 J;:OO:OO  PMﬂung-h. W,13°C
IMG_1770.JPG,2013-11-18 2:00:00 PM,14°C
IMG_1771.JPG,2013-11- 18 3:00 00VPM,13°C
IMG_1772.JPG,2013-11-18 4:00:00 PM,10°C
IMG_1773.JPG,2013-11-18 5:00:00 PM,5°C
IMG_1774.JPG,2013-11-18 6:00:00 PM5!-,3°C
IMG_1775.JPG,2013-11-18 7:00:00 PM ,9°C
IMG_1776.JPG,2013-11-18 8:00:00 PM,10°C
IMG_1777.JPG,2013-11-18 9:00:00 PM ',5°C
IMG_1778.JPG,2013-11-18 10:00:00 PM,3°C
IMG_1779.JPG,2013-11-19 5:00:00 AM,1°C
IMG_1780.JPG,2013-11-19 6:00:00 AM,1°C
IMG_1781.JPG,2013-1119 7:000:0 AM,2°C
IMG_1782.JPG,2913-11-19 8: 00: 00 AM1 r1 mgr--,3°C
IMG_1783.JPG,2013-11-19 9: 00: OO QM E,40c:
IMG_1784.JPG,2013-11-19 10:00:00 AM,6°C
IMG_1785.JPG,2013-11-19 11 :00:00 AMEwsg,40c:
IMG_1786.JPG,2013-11-19 1:00:00 PM,40c:
IMG_1787.JPG,2013-11-19 2:00:00 PM,8°C
IMG_1788.JPG,2013-1 1-19 3:00:00 PM,12°C
IMG_1789.JPG,2013-11-19 4: 00: 00 PMNF' '3!!,11°C
IMG_1790.JPG,2013-11-19 5:0000 PMﬁw,10°C
IMG_1791.JPG,"2013-11-19 6:00:00 P!""'-ﬁ=I",7°C
IMG_1792.JPG,2013-11-19 7:00:00 PMtarm- rt-,6°C
IMG_1793.JPG,2013-11-19 8:00:00 PM,40c:
IMG_1794.JPG,2013-11-19 9:00:00 PM,3°C
IMG_1795.JPG,2013-11-19 10:00:00 PM,1°C
IMG_1796.JPG,2013-11-20 5:00:00 AM,1°C
IMG_1797.JPG,2013-11-20 6:00:00 AM,0°C
IMG_1798.JPG,2013-11-20 7:00:00 AM,0°C
IMG_1799.JPG,2013-11-20 8:00:00 AM,1°C
IMG_1800.JPG,2013-11-20 9:00:00 AM,0°C
IMG_1801.JPG,2013-1 1-20 10:00:00 AM,2°C
IMG_1802.JPG,2013-11-20 11 :00:00 AM,2°C
IMG_1803.JPG,2013-11-20 1 :00:00 PM,2°C
IMG_1804.JPG,2013-11-20 2:00:00 PM,40c:
IMG_1805.JPG,2013-11-20 3:00:00 PM,40c:
IMG_1806.JPG,2013-11-20 4:00:00 PM,3°C
IMG_1807.JPG,2013-11-20 5:00:00 PM,3°C
IMG_1808.JPG,2013-11-20 6:00:00 PM,2°C
IMG_1809.JPG,2013-11-20 7:00:00 PM,40c:
IMG_1810.JPG,20 13- 1 1-20 8: OO: PM,3°C
IMG_1811.JPG,2013-11-20 9:00:00 PM,2°C
IMG_1812.JPG,2013-1 1-20 10:00:00 PM,1°C
IMG_1813.JPG,2013-11-21 5:00:00 AMI:KT,2°C
IMG_1814.JPG,2013-11-21 6:00:00 AM3M' ~1,3°C
IMG_1815.JPG,2013-11-21 7:00:00 A,3°C
IMG_1816.JPG,2013-11-21 8: OO: 00 AM$-,9°C
IMG_1817.JPG,2013-11-21 9:00:00 AMmus:-,10°C:
IMG_1818.JPG,2013-11521 10:00:00 AMV,10°C
IMG_1819.JPG,2013-11-21 11 :00:00 AM,10°C
IMG_1820.JPG,2013-11-21 1 :00:00 PM,14°C
IMG_1821.JPG,2013-1 1-21,15°C
IMG_1822.JPG,"2013-11-21 3:00: 00 PMJigs as"":",15°C
IMG_1823.JPG,20131g2; 4:00:00 PMim,15°C
IMG_1824.JPG,2013-11-21 5: 9Q: 00 PM m,14°C
IMG_1825.JPG,2013-11-21 6: 00: 00 PM -,13°C
IMG_1826.JPG,2013-11-21 7: 00: 0.9 PM .... W,10°C
IMG_1827.JPG,2013-11-21 8:00:00 PM,6°C
IMG_1828.JPG,2013-11-21 9:00:00 PM,5°C
IMG_1829.JPG,2013-11-21 10:00:00 PM,5°C
IMG_1830.JPG,2013-11-22 5:00:00 AM,5°C
IMG_1831.JPG,2013-11-22 6:00:00 AMV3Fm' V’,7°C
IMG_1832.JPG,2013-11-22 7: 00: 00 AMW Y-,9°C
IMG_1833.JPG,2013-11-22 8: 00: 00 AM egg: ,10°C
IMG_1834.JPG,2013-11-22 90000: AM,10°C
IMG_1835.JPG,2013-11-22 10:00:00 AM,8°C
IMG_1836.JPG,2013-11-22 11: OO: 00 AMm1,8°C
IMG_1837.JPG,2013-11-22 1 :00:00 PM,9°C
IMG_1838.JPG,2013-11-22 2:00:00 PM,10°C
IMG_1839.JPG,2013-11-22 3:00:00 PM,10°C
IMG_1840.JPG,2013-11-22 4:00:00 PM,14°C
IMG_1841.JPG,2013-11-22 5:00:00 PM,14°C
IMG_1842.JPG,2013-11-22 6:00:00 PM,15°C
IMG_1843.JPG,2013-11-22 7:00:00 PM,23°C
IMG_1844.JPG,2013-11-22 8:00:00 PM,21°C
IMG_1845.JPG,2013-11-22 9:00:00 PM ,17°C
IMG_1846.JPG,2013-1 1-22 LO:OO:OO PM -,9°C
IMG_1847.JPG,2013-11-23 5: 00: 00 AM=- W-,7°C
IMG_1848.JPG,2013-11-23 6:00:00 AMm 1 ,9°C
IMG_1849.JPG,2013-11-23 7:00:00 AM,11°C
IMG_1850.JPG,2013-1 1-23 8:00:00 AM;1 -,16°C
IMG_1851.JPG,"2013-11-23 9: 00: 00 AM' *.’.-£:..' """,15°C
IMG_1852.JPG,"2013-11-23 10: 00: 00 AM=' J"":-",15°C
IMG_1853.JPG,2013-11-23 11 :OO:OOV AMW' 1...-,18°C
IMG_1854.JPG,2013-1 123 1 :00:00 PM,15°C
IMG_1855.JPG,2013-11-23 2: 00: 00 PM'wrw,20°C
IMG_1856.JPG,2013-11-23 3:00:00 PMW' -r,14°C
IMG_1857.JPG,2013-11-23 4: 00: 00 PM4M F!-,13°C
IMG_1858.JPG,20131 123 5.00:00 PM,11°C
IMG_1859.JPG,2013-11-23 6:00:00 PM,12°C
IMG_1860.JPG,2013-11-23 7:00:00 PM,9°C
IMG_1861.JPG,2013-11-23 8:00:00 PM,9°C
IMG_1862.JPG,2013-11-23 9:00:00 PM,5°C
IMG_1863.JPG,2013-1 1-23 10:00:00 PM,5°C
IMG_1864.JPG,2013-11-24 5:00:00 AM,40c:
IMG_1865.JPG,2013-11-24 6:00:00 AM,40c:
IMG_1866.JPG,2013-11-24 7:00:00 AM,40c:
IMG_1867.JPG,2013-11-24 8:00:00 AM,40c:
IMG_1868.JPG,2013-11-24 9:00:00 AM,40c:
IMG_1869.JPG,2013-1 1-24 10:00:00 AM,3°C
IMG_1870.JPG,2013-11-24 11 :00:00 AM,2°C
IMG_1871.JPG,2013-11-24 1 :00:00 PM,2°C
IMG_1872.JPG,2013-11-24 2:00:00 PM,3°C
IMG_1873.JPG,2013-11-24 3:00:00 PM,2°C
IMG_1874.JPG,2013-1 1-24 4:00:00 PM§aa§,2°C
IMG_1875.JPG,2013-11-24 5:00:00 PM,2°C
IMG_1876.JPG,2013-11-24 6:00:00 PM:m,3°C
IMG_1877.JPG,2013-11-24 7:00:00 PM,3°C
IMG_1878.JPG,2013-11-24 8:00:00 PM,3°C
IMG_1879.JPG,2013-1 1-24 9:00:00 PMgm :2-,3°C
IMG_1880.JPG,2013-1 1-24 10:00:00 PM,3°C
IMG_1881.JPG,2013-1 1-25 5:00:00 V BM1 AW,40c:
IMG_1882.JPG,2013-1125 6:00:00 f-aM,5°C
IMG_1883.JPG,2013-11-25 7:00:00 AMv~.i:.ns~:’ F!-,5°C
IMG_1884.JPG,2013-1125 8:00:00 AM,5°C
IMG_1885.JPG,2013-11-25 9: 00: 00 AM-: -,6°C
IMG_1886.JPG,2013-1 1-25 10:00:00 AM¥.w~,10°C
IMG_1887.JPG,2013-1 1-25 1 1 :OO:OO AMw' v,10°C
IMG_1888.JPG,"2013-1 1-25 1 {00:00 PM§L&ﬁ"" 7:",11°C
IMG_1889.JPG,2013-11-25 2: 00: 00 PM4;.an&. \-,11°C
IMG_1890.JPG,2013-11-25 3:00:00 PM,10°C
IMG_1891.JPG,2013-11-25 4: OO: 00 PMfm ,9°C
IMG_1892.JPG,2013-11-25 5: OO: 09 PM!§;nasz F,9°C
IMG_1893.JPG,"2013-11-25 6:00:00 PM'fm""' ~",6°C
IMG_1894.JPG,2013-11-25 7: OO: 00 PMhr.m F,6°C
IMG_1895.JPG,2013-11-25 8: 00: 00 PM ,6°C
IMG_1896.JPG,2013-11-25 9:00:00 PM,5°C
IMG_1897.JPG,2013-1 1-25 10:00:00 PM,5°C
IMG_1898.JPG,2013-11-26 5:00:00 A,5°C
IMG_1899.JPG,2013-11-26 6:00:00 QM,5°C
IMG_1900.JPG,2013-1 1-26 7 : OO : 00 AM{piv,9°C
IMG_1901.JPG,2013-11-26 8300:00 AM,12°C
IMG_1902.JPG,2013-11-26 9: 00: 00 AM!£.-e{: «-,10°C
IMG_1903.JPG,2013-11-26 10:QO:OO AM¢ilaaﬁm PW-,9°C
IMG_1904.JPG,"2013-1 1-26 1 1 :OO:OO AM 4H5"" \",10°C
IMG_1905.JPG,2013-11-26 1: 00: 00 PM9 «any -,12°C
IMG_1906.JPG,2013-11-26 2: OO: 00 PM «L-iéﬁ W:-,17°C
IMG_1907.JPG,2013-11-26 3: 00: 00 PM ﬁxx.  ' 4-,14°C
IMG_1908.JPG,2013-11-26 4: OO: ()0 PM 4&3. W.,14°C
IMG_1909.JPG,2013-1 1-26 5:00:00 PM,12°C
IMG_1910.JPG,2013-11-26 6: 00: 00 PM¥-*=rs,10°C
IMG_1911.JPG,2013-1126 7:00:00 PM,9°C
IMG_1912.JPG,20131126 8:00:09?PM»,8°C
IMG_1913.JPG,2013-11-26 9:00:00 PM,8°C
IMG_1914.JPG,2013-1 1-26 10:00:00 PM,7°C
IMG_1915.JPG,2013-11-27 5:00:00 VA,5°C
IMG_1916.JPG,2013-11-27 6:00:00 9 7,5°C
IMG_1917.JPG,2013-11-27 7: 00: 00 AM* =*',6°C
IMG_1918.JPG,2013-1127 8:00:00 A,6°C
IMG_1919.JPG,2013-1 127 75 : OO : 00 AM,5°C
IMG_1920.JPG,2013-1 1-27 10:00:00 AM,6°C
IMG_1921.JPG,2013-11-27 11 :00:00 AM,soc‘
IMG_1922.JPG,2013-11-27 1 :00:00 PM,40c:
IMG_1923.JPG,2013-11-27 2:00:00 PM,2°C
IMG_1924.JPG,2013-11-27 3:00:00 PM,5°C
IMG_1925.JPG,2013-11-27 4:00:00 PM,3°C
IMG_1926.JPG,2013-11-27 5:00:00 PM,2°C
IMG_1927.JPG,2013-11-27 6:00:00 PM,2°C
IMG_1928.JPG,2013-11-27 7:00:00 PM,40c:
IMG_1929.JPG,2013-11-27 8:00:00 PME’s,5°C
IMG_1930.JPG,2013-11-27 9:00:00 PM,0°C
IMG_1931.JPG,2013-1 1-27 10:00:00 PM,0°C
IMG_1932.JPG,2013-11-28 5:00:00 AM,0°C
IMG_1933.JPG,2013-11-28 6:00:00 AM,0°C
IMG_1934.JPG,2013-11-28 7:00:00 AM,0°C
IMG_1935.JPG,2013-11-28 8:00:00 AM,1°C
IMG_1936.JPG,2013-11-28 9:00:00 AM,1°C
IMG_1937.JPG,2013-1 1-28 10:00:00 AM,2°C
IMG_1938.JPG,2013-11-28 11 :00:00 AM,2°C
IMG_1939.JPG,2013-11-28 1 :00:00 PM,40c:
IMG_1940.JPG,2013-11-28 2:00:00 PM,3°C
IMG_1941.JPG,2013-11-28 3:00:00 PM,2°C
IMG_1942.JPG,2013-11-28 4:00:00 PM,3°C
IMG_1943.JPG,2013-11-28 5:00:00 PM,2°C
IMG_1944.JPG,2013-11-28 6:00:00 PM,3°C
IMG_1945.JPG,2013-11-28 7:00:00 PM,40c:
IMG_1946.JPG,2013-11-28 8:00:00 PM,3°C
IMG_1947.JPG,2013-11-28 9:00:00 PM,3°C
IMG_1948.JPG,2013-11-28 10:00:00 PM ma,1°C
IMG_1949.JPG,2013-11-29 5:OO:OOAM,2°C
IMG_1950.JPG,2013-11-29 6:00:00 AM,2°C
IMG_1951.JPG,2013-11-29 7:00:00 AM,3°C
IMG_1952.JPG,2013-11-29 8:00:00 AM,2°C
IMG_1953.JPG,2013-11-29 9:00:00 AM,3°C
IMG_1954.JPG,2013-1 1-29 10:000:0,6°C
IMG_1955.JPG,2013-11-29 11 :00:00 AM,3°C
IMG_1956.JPG,2013-1129 1 :00:00 PM,5°C
IMG_1957.JPG,2013-1 1-29 200:00 PM,7°C
IMG_1958.JPG,2013-1 1-29 3:00:00 PMW,8°C
IMG_1959.JPG,2013-11-29 4:00:00 PM= .m,10°C
IMG_1960.JPG,2013-11-29 5:00:00 PM,7°C
IMG_1961.JPG,2013-11-29 6:00:00 PM,5°C
IMG_1962.JPG,2013-11-29 7:00:00 PM,5°C
IMG_1963.JPG,2013-11-29 8:00:00 PM,5°C
IMG_1964.JPG,2013-11-29 9:00:00 PM,5°C
IMG_1965.JPG,2013-1 1-29 10:00:00 PM,5°C
IMG_1966.JPG,2013-11-30 5: OQ} 00 AM¢za.. :; a,8°C
IMG_1967.JPG,2013-1 130 B :700 : 00 AM,8°C
IMG_1968.JPG,2013-1130 7:00:00 AMV,10°C
IMG_1969.JPG,2013-11-30 8: 00: 00 9MW F-,10°C
IMG_1970.JPG,2013-11-30 9: OO: 00 Athm P,10°C
IMG_1971.JPG,2013-11-30 10: 00: 00 AM.. --~~.,11°C
IMG_1972.JPG,2013-11-30 11:00:00 AM,11°C
IMG_1973.JPG,2013-1 1-30 1 :00:00 PMw2=!=,13°C
IMG_1974.JPG,2013-11-30 2:00:00 PMW fr-,12°C
IMG_1975.JPG,2013-11-30 3: 00: 00 PMu.; -,11°C
IMG_1976.JPG,2013-11-30 4: OO: 00 PMW Y,11°C
IMG_1977.JPG,2013-11-30 5:00:00 PMm,11°C
IMG_1978.JPG,2013-11-30 6:00:00 PM,8°C
IMG_1979.JPG,2013-11-30 7:00:00 PM,6°C
IMG_1980.JPG,2013-11-30 8:00:00 PM,5°C
IMG_1981.JPG,2013-11-30 9:00:00 PM,5°C
IMG_1982.JPG,2013-1 1-30 10:00:00 PM,40c:
IMG_1983.JPG,2013-12-01 5: 00: 00 AMW.aiisc =-,2°C
IMG_1984.JPG,2013-12-01 6 : OO : 007 AM,2°C
IMG_1985.JPG,2013-12-01 77:00:00 AM,3°C
IMG_1986.JPG,2013-12-01 78:00:00 AM,9°C
IMG_1987.JPG,2013-12-01 9:00:00 AM,11°C
IMG_1988.JPG,3712-01 10:00:00 AM,11°C
IMG_1989.JPG,2013-12-01 11 :00:00 AM 7,13°C
IMG_1990.JPG,2013-12-01 1 :00:00 PM1-la,17°C
IMG_1991.JPG,2013-12-01 2:00:00 PM,3°C
IMG_1992.JPG,2013-12-01 3:00:00 PM,1°C
IMG_1993.JPG,2013-12-01 4:00:00 PM '15 2.-,2°C
IMG_1994.JPG,2013-12-01 5: 0Q: 90 PM m a,2°C
IMG_1995.JPG,2013-12-01 6:00:00 PMeaﬁ,3°C
IMG_1996.JPG,2013-12-01 7:00:00 PM,9°C
IMG_1997.JPG,2013-12-01 8:00:00 PM,10°C
IMG_1998.JPG,2013-12-01 9:00:00 PM,6°C
IMG_1999.JPG,2013-12-01 10:00:00 PM,3°C
IMG_2000.JPG,2013-12-02 5:00:00 AM,0°C
